"STATION","NAME","LATITUDE","LONGITUDE","ELEVATION","DATE","PRCP","PRCP_ATTRIBUTES","SNOW","SNOW_ATTRIBUTES","SNWD","SNWD_ATTRIBUTES","TMAX","TMAX_ATTRIBUTES","TMIN","TMIN_ATTRIBUTES"
"USW00023272","SAN FRANCISCO DOWNTOWN, CA US","37.7705","-122.4269","45.7","2014-01-01","0.00",",,W,2400",,,,,"63",",,W","44",",,W"
"USW00023272","SAN FRANCISCO DOWNTOWN, CA US","37.7705","-122.4269","45.7","2014-01-02","0.00",",,W,2400",,,,,"63",",,W","48",",,W"
"USW00023272","SAN FRANCISCO DOWNTOWN, CA US","37.7705","-122.4269","45.7","2014-01-03","0.00",",,W,2400",,,,,"64",",,W","49",",,W"
"USW00023272","SAN FRANCISCO DOWNTOWN, CA US","37.7705","-122.4269","45.7","2014-01-04","0.00",",,W,2400",,,,,"66",",,W","46",",,W"
"USW00023272","SAN FRANCISCO DOWNTOWN, CA US","37.7705","-122.4269","45.7","2014-01-05","0.00",",,W,2400",,,,,"66",",,W","48",",,W"
"USW00023272","SAN FRANCISCO DOWNTOWN, CA US","37.7705","-122.4269","45.7","2014-01-06","0.00",",,W,2400",,,,,"60",",,W","48",",,W"
"USW00023272","SAN FRANCISCO DOWNTOWN, CA US","37.7705","-122.4269","45.7","2014-01-07","0.00",",,W,2400",,,,,"61",",,W","49",",,W"
"USW00023272","SAN FRANCISCO DOWNTOWN, CA US","37.7705","-122.4269","45.7","2014-01-08","0.00",",,W,2400",,,,,"56",",,W","50",",,W"
"USW00023272","SAN FRANCISCO DOWNTOWN, CA US","37.7705","-122.4269","45.7","2014-01-09","0.02",",,W,2400",,,,,"56",",,W","50",",,W"
"USW00023272","SAN FRANCISCO DOWNTOWN, CA US","37.7705","-122.4269","45.7","2014-01-10","0.00",",,W,2400",,,,,"62",",,W","48",",,W"
"USW00023272","SAN FRANCISCO DOWNTOWN, CA US","37.7705","-122.4269","45.7","2014-01-11","0.01",",,W,2400",,,,,"55",",,W","47",",,W"
"USW00023272","SAN FRANCISCO DOWNTOWN, CA US","37.7705","-122.4269","45.7","2014-01-12","0.00",",,W,2400",,,,,"59",",,W","47",",,W"
"USW00023272","SAN FRANCISCO DOWNTOWN, CA US","37.7705","-122.4269","45.7","2014-01-13","0.00",",,W,2400",,,,,"67",",,W","47",",,W"
"USW00023272","SAN FRANCISCO DOWNTOWN, CA US","37.7705","-122.4269","45.7","2014-01-14","0.00",",,W,2400",,,,,"68",",,W","49",",,W"
"USW00023272","SAN FRANCISCO DOWNTOWN, CA US","37.7705","-122.4269","45.7","2014-01-15","0.00",",,W,2400",,,,,"71",",,W","52",",,W"
"USW00023272","SAN FRANCISCO DOWNTOWN, CA US","37.7705","-122.4269","45.7","2014-01-16","0.00",",,W,2400",,,,,"72",",,W","51",",,W"
"USW00023272","SAN FRANCISCO DOWNTOWN, CA US","37.7705","-122.4269","45.7","2014-01-17","0.00",",,W,2400",,,,,"67",",,W","50",",,W"
"USW00023272","SAN FRANCISCO DOWNTOWN, CA US","37.7705","-122.4269","45.7","2014-01-18","0.00",",,W,2400",,,,,"69",",,W","49",",,W"
"USW00023272","SAN FRANCISCO DOWNTOWN, CA US","37.7705","-122.4269","45.7","2014-01-19","0.00",",,W,2400",,,,,"65",",,W","50",",,W"
"USW00023272","SAN FRANCISCO DOWNTOWN, CA US","37.7705","-122.4269","45.7","2014-01-20","0.00",",,W,2400",,,,,"69",",,W","48",",,W"
"USW00023272","SAN FRANCISCO DOWNTOWN, CA US","37.7705","-122.4269","45.7","2014-01-21","0.00",",,W,2400",,,,,"66",",,W","49",",,W"
"USW00023272","SAN FRANCISCO DOWNTOWN, CA US","37.7705","-122.4269","45.7","2014-01-22","0.00",",,W,2400",,,,,"69",",,W","48",",,W"
"USW00023272","SAN FRANCISCO DOWNTOWN, CA US","37.7705","-122.4269","45.7","2014-01-23","0.00",",,W,2400",,,,,"68",",,W","48",",,W"
"USW00023272","SAN FRANCISCO DOWNTOWN, CA US","37.7705","-122.4269","45.7","2014-01-24","0.00",",,W,2400",,,,,"65",",,W","49",",,W"
"USW00023272","SAN FRANCISCO DOWNTOWN, CA US","37.7705","-122.4269","45.7","2014-01-25","0.00",",,W,2400",,,,,"71",",,W","50",",,W"
"USW00023272","SAN FRANCISCO DOWNTOWN, CA US","37.7705","-122.4269","45.7","2014-01-26","0.00",",,W,2400",,,,,"70",",,W","49",",,W"
"USW00023272","SAN FRANCISCO DOWNTOWN, CA US","37.7705","-122.4269","45.7","2014-01-27","0.00",",,W,2400",,,,,"58",",,W","48",",,W"
"USW00023272","SAN FRANCISCO DOWNTOWN, CA US","37.7705","-122.4269","45.7","2014-01-28","0.00",",,W,2400",,,,,"63",",,W","52",",,W"
"USW00023272","SAN FRANCISCO DOWNTOWN, CA US","37.7705","-122.4269","45.7","2014-01-29","0.00",",,W,2400",,,,,"61",",,W","54",",,W"
"USW00023272","SAN FRANCISCO DOWNTOWN, CA US","37.7705","-122.4269","45.7","2014-01-30","0.03",",,W,2400",,,,,"56",",,W","51",",,W"
"USW00023272","SAN FRANCISCO DOWNTOWN, CA US","37.7705","-122.4269","45.7","2014-01-31","0.00",",,W,2400",,,,,"58",",,W","48",",,W"
"USW00023272","SAN FRANCISCO DOWNTOWN, CA US","37.7705","-122.4269","45.7","2014-02-01","0.00",",,W,2400",,,,,"57",",,W","44",",,W"
"USW00023272","SAN FRANCISCO DOWNTOWN, CA US","37.7705","-122.4269","45.7","2014-02-02","0.28",",,W,2400",,,,,"50",",,W","45",",,W"
"USW00023272","SAN FRANCISCO DOWNTOWN, CA US","37.7705","-122.4269","45.7","2014-02-03","0.00",",,W,2400",,,,,"54",",,W","44",",,W"
"USW00023272","SAN FRANCISCO DOWNTOWN, CA US","37.7705","-122.4269","45.7","2014-02-04","0.00",",,W,2400",,,,,"53",",,W","44",",,W"
"USW00023272","SAN FRANCISCO DOWNTOWN, CA US","37.7705","-122.4269","45.7","2014-02-05","0.09",",,W,2400",,,,,"53",",,W","42",",,W"
"USW00023272","SAN FRANCISCO DOWNTOWN, CA US","37.7705","-122.4269","45.7","2014-02-06","0.65",",,W,2400",,,,,"52",",,W","46",",,W"
"USW00023272","SAN FRANCISCO DOWNTOWN, CA US","37.7705","-122.4269","45.7","2014-02-07","0.35",",,W,2400",,,,,"55",",,W","51",",,W"
"USW00023272","SAN FRANCISCO DOWNTOWN, CA US","37.7705","-122.4269","45.7","2014-02-08","1.15",",,W,2400",,,,,"58",",,W","52",",,W"
"USW00023272","SAN FRANCISCO DOWNTOWN, CA US","37.7705","-122.4269","45.7","2014-02-09","1.13",",,W,2400",,,,,"58",",,W","56",",,W"
"USW00023272","SAN FRANCISCO DOWNTOWN, CA US","37.7705","-122.4269","45.7","2014-02-10","0.04",",,W,2400",,,,,"58",",,W","52",",,W"
"USW00023272","SAN FRANCISCO DOWNTOWN, CA US","37.7705","-122.4269","45.7","2014-02-11","0.00",",,W,2400",,,,,"58",",,W","49",",,W"
"USW00023272","SAN FRANCISCO DOWNTOWN, CA US","37.7705","-122.4269","45.7","2014-02-12","0.00",",,W,2400",,,,,"58",",,W","48",",,W"
"USW00023272","SAN FRANCISCO DOWNTOWN, CA US","37.7705","-122.4269","45.7","2014-02-13","0.00",",,W,2400",,,,,"66",",,W","51",",,W"
"USW00023272","SAN FRANCISCO DOWNTOWN, CA US","37.7705","-122.4269","45.7","2014-02-14","0.00",",,W,2400",,,,,"62",",,W","54",",,W"
"USW00023272","SAN FRANCISCO DOWNTOWN, CA US","37.7705","-122.4269","45.7","2014-02-15","0.01",",,W,2400",,,,,"59",",,W","53",",,W"
"USW00023272","SAN FRANCISCO DOWNTOWN, CA US","37.7705","-122.4269","45.7","2014-02-16","0.03",",,W,2400",,,,,"61",",,W","49",",,W"
"USW00023272","SAN FRANCISCO DOWNTOWN, CA US","37.7705","-122.4269","45.7","2014-02-17","0.00",",,W,2400",,,,,"59",",,W","47",",,W"
"USW00023272","SAN FRANCISCO DOWNTOWN, CA US","37.7705","-122.4269","45.7","2014-02-18","0.00",",,W,2400",,,,,"61",",,W","49",",,W"
"USW00023272","SAN FRANCISCO DOWNTOWN, CA US","37.7705","-122.4269","45.7","2014-02-19","0.01",",,W,2400",,,,,"59",",,W","51",",,W"
"USW00023272","SAN FRANCISCO DOWNTOWN, CA US","37.7705","-122.4269","45.7","2014-02-20","0.00",",,W,2400",,,,,"66",",,W","49",",,W"
"USW00023272","SAN FRANCISCO DOWNTOWN, CA US","37.7705","-122.4269","45.7","2014-02-21","0.00",",,W,2400",,,,,"69",",,W","49",",,W"
"USW00023272","SAN FRANCISCO DOWNTOWN, CA US","37.7705","-122.4269","45.7","2014-02-22","0.00",",,W,2400",,,,,"64",",,W","49",",,W"
"USW00023272","SAN FRANCISCO DOWNTOWN, CA US","37.7705","-122.4269","45.7","2014-02-23","0.00",",,W,2400",,,,,"63",",,W","49",",,W"
"USW00023272","SAN FRANCISCO DOWNTOWN, CA US","37.7705","-122.4269","45.7","2014-02-24","0.00",",,W,2400",,,,,"69",",,W","48",",,W"
"USW00023272","SAN FRANCISCO DOWNTOWN, CA US","37.7705","-122.4269","45.7","2014-02-25","0.00",",,W,2400",,,,,"61",",,W","49",",,W"
"USW00023272","SAN FRANCISCO DOWNTOWN, CA US","37.7705","-122.4269","45.7","2014-02-26","0.92",",,W,2400",,,,,"58",",,W","54",",,W"
"USW00023272","SAN FRANCISCO DOWNTOWN, CA US","37.7705","-122.4269","45.7","2014-02-27","0.04",",,W,2400",,,,,"64",",,W","54",",,W"
"USW00023272","SAN FRANCISCO DOWNTOWN, CA US","37.7705","-122.4269","45.7","2014-02-28","1.12",",,W,2400",,,,,"61",",,W","54",",,W"
"USW00023272","SAN FRANCISCO DOWNTOWN, CA US","37.7705","-122.4269","45.7","2014-03-01","0.08",",,W,2400",,,,,"65",",,W","54",",,W"
"USW00023272","SAN FRANCISCO DOWNTOWN, CA US","37.7705","-122.4269","45.7","2014-03-02","0.06",",,W,2400",,,,,"59",",,W","53",",,W"
"USW00023272","SAN FRANCISCO DOWNTOWN, CA US","37.7705","-122.4269","45.7","2014-03-03","0.21",",,W,2400",,,,,"60",",,W","52",",,W"
"USW00023272","SAN FRANCISCO DOWNTOWN, CA US","37.7705","-122.4269","45.7","2014-03-04","0.07",",,W,2400",,,,,"61",",,W","53",",,W"
"USW00023272","SAN FRANCISCO DOWNTOWN, CA US","37.7705","-122.4269","45.7","2014-03-05","0.23",",,W,2400",,,,,"67",",,W","54",",,W"
"USW00023272","SAN FRANCISCO DOWNTOWN, CA US","37.7705","-122.4269","45.7","2014-03-06","0.03",",,W,2400",,,,,"63",",,W","53",",,W"
"USW00023272","SAN FRANCISCO DOWNTOWN, CA US","37.7705","-122.4269","45.7","2014-03-07","0.00",",,W,2400",,,,,"63",",,W","50",",,W"
"USW00023272","SAN FRANCISCO DOWNTOWN, CA US","37.7705","-122.4269","45.7","2014-03-08","0.00",",,W,2400",,,,,"71",",,W","50",",,W"
"USW00023272","SAN FRANCISCO DOWNTOWN, CA US","37.7705","-122.4269","45.7","2014-03-09","0.00",",,W,2400",,,,,"69",",,W","58",",,W"
"USW00023272","SAN FRANCISCO DOWNTOWN, CA US","37.7705","-122.4269","45.7","2014-03-10","0.03",",,W,2400",,,,,"66",",,W","54",",,W"
"USW00023272","SAN FRANCISCO DOWNTOWN, CA US","37.7705","-122.4269","45.7","2014-03-11","0.00",",,W,2400",,,,,"71",",,W","56",",,W"
"USW00023272","SAN FRANCISCO DOWNTOWN, CA US","37.7705","-122.4269","45.7","2014-03-12","0.00",",,W,2400",,,,,"73",",,W","59",",,W"
"USW00023272","SAN FRANCISCO DOWNTOWN, CA US","37.7705","-122.4269","45.7","2014-03-13","0.00",",,W,2400",,,,,"72",",,W","53",",,W"
"USW00023272","SAN FRANCISCO DOWNTOWN, CA US","37.7705","-122.4269","45.7","2014-03-14","0.00",",,W,2400",,,,,"66",",,W","53",",,W"
"USW00023272","SAN FRANCISCO DOWNTOWN, CA US","37.7705","-122.4269","45.7","2014-03-15","0.00",",,W,2400",,,,,"76",",,W","53",",,W"
"USW00023272","SAN FRANCISCO DOWNTOWN, CA US","37.7705","-122.4269","45.7","2014-03-16","0.00",",,W,2400",,,,,"66",",,W","50",",,W"
"USW00023272","SAN FRANCISCO DOWNTOWN, CA US","37.7705","-122.4269","45.7","2014-03-17","0.00",",,W,2400",,,,,"64",",,W","51",",,W"
"USW00023272","SAN FRANCISCO DOWNTOWN, CA US","37.7705","-122.4269","45.7","2014-03-18","0.00",",,W,2400",,,,,"69",",,W","50",",,W"
"USW00023272","SAN FRANCISCO DOWNTOWN, CA US","37.7705","-122.4269","45.7","2014-03-19","0.00",",,W,2400",,,,,"72",",,W","51",",,W"
"USW00023272","SAN FRANCISCO DOWNTOWN, CA US","37.7705","-122.4269","45.7","2014-03-20","0.00",",,W,2400",,,,,"64",",,W","50",",,W"
"USW00023272","SAN FRANCISCO DOWNTOWN, CA US","37.7705","-122.4269","45.7","2014-03-21","0.00",",,W,2400",,,,,"61",",,W","50",",,W"
"USW00023272","SAN FRANCISCO DOWNTOWN, CA US","37.7705","-122.4269","45.7","2014-03-22","0.00",",,W,2400",,,,,"62",",,W","49",",,W"
"USW00023272","SAN FRANCISCO DOWNTOWN, CA US","37.7705","-122.4269","45.7","2014-03-23","0.00",",,W,2400",,,,,"60",",,W","49",",,W"
"USW00023272","SAN FRANCISCO DOWNTOWN, CA US","37.7705","-122.4269","45.7","2014-03-24","0.00",",,W,2400",,,,,"63",",,W","48",",,W"
"USW00023272","SAN FRANCISCO DOWNTOWN, CA US","37.7705","-122.4269","45.7","2014-03-25","0.16",",,W,2400",,,,,"60",",,W","50",",,W"
"USW00023272","SAN FRANCISCO DOWNTOWN, CA US","37.7705","-122.4269","45.7","2014-03-26","0.58",",,W,2400",,,,,"59",",,W","51",",,W"
"USW00023272","SAN FRANCISCO DOWNTOWN, CA US","37.7705","-122.4269","45.7","2014-03-27","0.00",",,W,2400",,,,,"63",",,W","53",",,W"
"USW00023272","SAN FRANCISCO DOWNTOWN, CA US","37.7705","-122.4269","45.7","2014-03-28","0.00",",,W,2400",,,,,"67",",,W","54",",,W"
"USW00023272","SAN FRANCISCO DOWNTOWN, CA US","37.7705","-122.4269","45.7","2014-03-29","0.74",",,W,2400",,,,,"59",",,W","51",",,W"
"USW00023272","SAN FRANCISCO DOWNTOWN, CA US","37.7705","-122.4269","45.7","2014-03-30","0.00",",,W,2400",,,,,"59",",,W","50",",,W"
"USW00023272","SAN FRANCISCO DOWNTOWN, CA US","37.7705","-122.4269","45.7","2014-03-31","0.76",",,W,2400",,,,,"56",",,W","47",",,W"
"USW00023272","SAN FRANCISCO DOWNTOWN, CA US","37.7705","-122.4269","45.7","2014-04-01","0.89",",,W,2400",,,,,"57",",,W","46",",,W"
"USW00023272","SAN FRANCISCO DOWNTOWN, CA US","37.7705","-122.4269","45.7","2014-04-02","0.00",",,W,2400",,,,,"59",",,W","46",",,W"
"USW00023272","SAN FRANCISCO DOWNTOWN, CA US","37.7705","-122.4269","45.7","2014-04-03","0.00",",,W,2400",,,,,"60",",,W","50",",,W"
"USW00023272","SAN FRANCISCO DOWNTOWN, CA US","37.7705","-122.4269","45.7","2014-04-04","0.38",",,W,2400",,,,,"58",",,W","50",",,W"
"USW00023272","SAN FRANCISCO DOWNTOWN, CA US","37.7705","-122.4269","45.7","2014-04-05","0.00",",,W,2400",,,,,"61",",,W","49",",,W"
"USW00023272","SAN FRANCISCO DOWNTOWN, CA US","37.7705","-122.4269","45.7","2014-04-06","0.00",",,W,2400",,,,,"71",",,W","51",",,W"
"USW00023272","SAN FRANCISCO DOWNTOWN, CA US","37.7705","-122.4269","45.7","2014-04-07","0.00",",,W,2400",,,,,"80",",,W","56",",,W"
"USW00023272","SAN FRANCISCO DOWNTOWN, CA US","37.7705","-122.4269","45.7","2014-04-08","0.00",",,W,2400",,,,,"75",",,W","52",",,W"
"USW00023272","SAN FRANCISCO DOWNTOWN, CA US","37.7705","-122.4269","45.7","2014-04-09","0.00",",,W,2400",,,,,"59",",,W","50",",,W"
"USW00023272","SAN FRANCISCO DOWNTOWN, CA US","37.7705","-122.4269","45.7","2014-04-10","0.00",",,W,2400",,,,,"68",",,W","49",",,W"
"USW00023272","SAN FRANCISCO DOWNTOWN, CA US","37.7705","-122.4269","45.7","2014-04-11","0.00",",,W,2400",,,,,"60",",,W","51",",,W"
"USW00023272","SAN FRANCISCO DOWNTOWN, CA US","37.7705","-122.4269","45.7","2014-04-12","0.00",",,W,2400",,,,,"61",",,W","53",",,W"
"USW00023272","SAN FRANCISCO DOWNTOWN, CA US","37.7705","-122.4269","45.7","2014-04-13","0.00",",,W,2400",,,,,"63",",,W","52",",,W"
"USW00023272","SAN FRANCISCO DOWNTOWN, CA US","37.7705","-122.4269","45.7","2014-04-14","0.00",",,W,2400",,,,,"65",",,W","52",",,W"
"USW00023272","SAN FRANCISCO DOWNTOWN, CA US","37.7705","-122.4269","45.7","2014-04-15","0.00",",,W,2400",,,,,"64",",,W","52",",,W"
"USW00023272","SAN FRANCISCO DOWNTOWN, CA US","37.7705","-122.4269","45.7","2014-04-16","0.00",",,W,2400",,,,,"68",",,W","51",",,W"
"USW00023272","SAN FRANCISCO DOWNTOWN, CA US","37.7705","-122.4269","45.7","2014-04-17","0.00",",,W,2400",,,,,"63",",,W","53",",,W"
"USW00023272","SAN FRANCISCO DOWNTOWN, CA US","37.7705","-122.4269","45.7","2014-04-18","0.00",",,W,2400",,,,,"60",",,W","51",",,W"
"USW00023272","SAN FRANCISCO DOWNTOWN, CA US","37.7705","-122.4269","45.7","2014-04-19","0.00",",,W,2400",,,,,"60",",,W","50",",,W"
"USW00023272","SAN FRANCISCO DOWNTOWN, CA US","37.7705","-122.4269","45.7","2014-04-20","0.00",",,W,2400",,,,,"75",",,W","51",",,W"
"USW00023272","SAN FRANCISCO DOWNTOWN, CA US","37.7705","-122.4269","45.7","2014-04-21","0.01",",,W,2400",,,,,"63",",,W","51",",,W"
"USW00023272","SAN FRANCISCO DOWNTOWN, CA US","37.7705","-122.4269","45.7","2014-04-22","0.01",",,W,2400",,,,,"59",",,W","50",",,W"
"USW00023272","SAN FRANCISCO DOWNTOWN, CA US","37.7705","-122.4269","45.7","2014-04-23","0.00",",,W,2400",,,,,"61",",,W","50",",,W"
"USW00023272","SAN FRANCISCO DOWNTOWN, CA US","37.7705","-122.4269","45.7","2014-04-24","0.00",",,W,2400",,,,,"61",",,W","53",",,W"
"USW00023272","SAN FRANCISCO DOWNTOWN, CA US","37.7705","-122.4269","45.7","2014-04-25","0.26",",,W,2400",,,,,"56",",,W","50",",,W"
"USW00023272","SAN FRANCISCO DOWNTOWN, CA US","37.7705","-122.4269","45.7","2014-04-26","0.00",",,W,2400",,,,,"58",",,W","47",",,W"
"USW00023272","SAN FRANCISCO DOWNTOWN, CA US","37.7705","-122.4269","45.7","2014-04-27","0.04",",,W,2400",,,,,"61",",,W","50",",,W"
"USW00023272","SAN FRANCISCO DOWNTOWN, CA US","37.7705","-122.4269","45.7","2014-04-28","0.00",",,W,2400",,,,,"66",",,W","50",",,W"
"USW00023272","SAN FRANCISCO DOWNTOWN, CA US","37.7705","-122.4269","45.7","2014-04-29","0.00",",,W,2400",,,,,"81",",,W","54",",,W"
"USW00023272","SAN FRANCISCO DOWNTOWN, CA US","37.7705","-122.4269","45.7","2014-04-30","0.00",",,W,2400",,,,,"90",",,W","60",",,W"
"USW00023272","SAN FRANCISCO DOWNTOWN, CA US","37.7705","-122.4269","45.7","2014-05-01","0.00",",,W,2400",,,,,"84",",,W","62",",,W"
"USW00023272","SAN FRANCISCO DOWNTOWN, CA US","37.7705","-122.4269","45.7","2014-05-02","0.00",",,W,2400",,,,,"66",",,W","52",",,W"
"USW00023272","SAN FRANCISCO DOWNTOWN, CA US","37.7705","-122.4269","45.7","2014-05-03","0.00",",,W,2400",,,,,"62",",,W","52",",,W"
"USW00023272","SAN FRANCISCO DOWNTOWN, CA US","37.7705","-122.4269","45.7","2014-05-04","0.00",",,W,2400",,,,,"65",",,W","54",",,W"
"USW00023272","SAN FRANCISCO DOWNTOWN, CA US","37.7705","-122.4269","45.7","2014-05-05","0.00",",,W,2400",,,,,"62",",,W","53",",,W"
"USW00023272","SAN FRANCISCO DOWNTOWN, CA US","37.7705","-122.4269","45.7","2014-05-06","0.00",",,W,2400",,,,,"66",",,W","51",",,W"
"USW00023272","SAN FRANCISCO DOWNTOWN, CA US","37.7705","-122.4269","45.7","2014-05-07","0.00",",,W,2400",,,,,"62",",,W","50",",,W"
"USW00023272","SAN FRANCISCO DOWNTOWN, CA US","37.7705","-122.4269","45.7","2014-05-08","0.03",",,W,2400",,,,,"63",",,W","52",",,W"
"USW00023272","SAN FRANCISCO DOWNTOWN, CA US","37.7705","-122.4269","45.7","2014-05-09","0.00",",,W,2400",,,,,"63",",,W","52",",,W"
"USW00023272","SAN FRANCISCO DOWNTOWN, CA US","37.7705","-122.4269","45.7","2014-05-10","0.00",",,W,2400",,,,,"62",",,W","51",",,W"
"USW00023272","SAN FRANCISCO DOWNTOWN, CA US","37.7705","-122.4269","45.7","2014-05-11","0.00",",,W,2400",,,,,"73",",,W","53",",,W"
"USW00023272","SAN FRANCISCO DOWNTOWN, CA US","37.7705","-122.4269","45.7","2014-05-12","0.00",",,W,2400",,,,,"81",",,W","52",",,W"
"USW00023272","SAN FRANCISCO DOWNTOWN, CA US","37.7705","-122.4269","45.7","2014-05-13","0.00",",,W,2400",,,,,"90",",,W","59",",,W"
"USW00023272","SAN FRANCISCO DOWNTOWN, CA US","37.7705","-122.4269","45.7","2014-05-14","0.00",",,W,2400",,,,,"88",",,W","64",",,W"
"USW00023272","SAN FRANCISCO DOWNTOWN, CA US","37.7705","-122.4269","45.7","2014-05-15","0.00",",,W,2400",,,,,"75",",,W","56",",,W"
"USW00023272","SAN FRANCISCO DOWNTOWN, CA US","37.7705","-122.4269","45.7","2014-05-16","0.00",",,W,2400",,,,,"65",",,W","53",",,W"
"USW00023272","SAN FRANCISCO DOWNTOWN, CA US","37.7705","-122.4269","45.7","2014-05-17","0.00",",,W,2400",,,,,"61",",,W","53",",,W"
"USW00023272","SAN FRANCISCO DOWNTOWN, CA US","37.7705","-122.4269","45.7","2014-05-18","0.00",",,W,2400",,,,,"63",",,W","53",",,W"
"USW00023272","SAN FRANCISCO DOWNTOWN, CA US","37.7705","-122.4269","45.7","2014-05-19","0.00",",,W,2400",,,,,"62",",,W","53",",,W"
"USW00023272","SAN FRANCISCO DOWNTOWN, CA US","37.7705","-122.4269","45.7","2014-05-20","0.00",",,W,2400",,,,,"64",",,W","53",",,W"
"USW00023272","SAN FRANCISCO DOWNTOWN, CA US","37.7705","-122.4269","45.7","2014-05-21","0.00",",,W,2400",,,,,"67",",,W","52",",,W"
"USW00023272","SAN FRANCISCO DOWNTOWN, CA US","37.7705","-122.4269","45.7","2014-05-22","0.00",",,W,2400",,,,,"65",",,W","51",",,W"
"USW00023272","SAN FRANCISCO DOWNTOWN, CA US","37.7705","-122.4269","45.7","2014-05-23","0.00",",,W,2400",,,,,"63",",,W","51",",,W"
"USW00023272","SAN FRANCISCO DOWNTOWN, CA US","37.7705","-122.4269","45.7","2014-05-24","0.00",",,W,2400",,,,,"62",",,W","52",",,W"
"USW00023272","SAN FRANCISCO DOWNTOWN, CA US","37.7705","-122.4269","45.7","2014-05-25","0.00",",,W,2400",,,,,"70",",,W","52",",,W"
"USW00023272","SAN FRANCISCO DOWNTOWN, CA US","37.7705","-122.4269","45.7","2014-05-26","0.00",",,W,2400",,,,,"67",",,W","52",",,W"
"USW00023272","SAN FRANCISCO DOWNTOWN, CA US","37.7705","-122.4269","45.7","2014-05-27","0.00",",,W,2400",,,,,"65",",,W","51",",,W"
"USW00023272","SAN FRANCISCO DOWNTOWN, CA US","37.7705","-122.4269","45.7","2014-05-28","0.00",",,W,2400",,,,,"67",",,W","52",",,W"
"USW00023272","SAN FRANCISCO DOWNTOWN, CA US","37.7705","-122.4269","45.7","2014-05-29","0.00",",,W,2400",,,,,"72",",,W","52",",,W"
"USW00023272","SAN FRANCISCO DOWNTOWN, CA US","37.7705","-122.4269","45.7","2014-05-30","0.00",",,W,2400",,,,,"58",",,W","51",",,W"
"USW00023272","SAN FRANCISCO DOWNTOWN, CA US","37.7705","-122.4269","45.7","2014-05-31","0.00",",,W,2400",,,,,"64",",,W","50",",,W"
"USW00023272","SAN FRANCISCO DOWNTOWN, CA US","37.7705","-122.4269","45.7","2014-06-01","0.00",",,W,2400",,,,,"64",",,W","51",",,W"
"USW00023272","SAN FRANCISCO DOWNTOWN, CA US","37.7705","-122.4269","45.7","2014-06-02","0.00",",,W,2400",,,,,"60",",,W","51",",,W"
"USW00023272","SAN FRANCISCO DOWNTOWN, CA US","37.7705","-122.4269","45.7","2014-06-03","0.00",",,W,2400",,,,,"63",",,W","51",",,W"
"USW00023272","SAN FRANCISCO DOWNTOWN, CA US","37.7705","-122.4269","45.7","2014-06-04","0.00",",,W,2400",,,,,"67",",,W","51",",,W"
"USW00023272","SAN FRANCISCO DOWNTOWN, CA US","37.7705","-122.4269","45.7","2014-06-05","0.00",",,W,2400",,,,,"62",",,W","51",",,W"
"USW00023272","SAN FRANCISCO DOWNTOWN, CA US","37.7705","-122.4269","45.7","2014-06-06","0.00",",,W,2400",,,,,"63",",,W","52",",,W"
"USW00023272","SAN FRANCISCO DOWNTOWN, CA US","37.7705","-122.4269","45.7","2014-06-07","0.00",",,W,2400",,,,,"66",",,W","52",",,W"
"USW00023272","SAN FRANCISCO DOWNTOWN, CA US","37.7705","-122.4269","45.7","2014-06-08","0.00",",,W,2400",,,,,"78",",,W","51",",,W"
"USW00023272","SAN FRANCISCO DOWNTOWN, CA US","37.7705","-122.4269","45.7","2014-06-09","0.00",",,W,2400",,,,,"69",",,W","56",",,W"
"USW00023272","SAN FRANCISCO DOWNTOWN, CA US","37.7705","-122.4269","45.7","2014-06-10","0.00",",,W,2400",,,,,"64",",,W","55",",,W"
"USW00023272","SAN FRANCISCO DOWNTOWN, CA US","37.7705","-122.4269","45.7","2014-06-11","0.00",",,W,2400",,,,,"64",",,W","54",",,W"
"USW00023272","SAN FRANCISCO DOWNTOWN, CA US","37.7705","-122.4269","45.7","2014-06-12","0.00",",,W,2400",,,,,"62",",,W","52",",,W"
"USW00023272","SAN FRANCISCO DOWNTOWN, CA US","37.7705","-122.4269","45.7","2014-06-13","0.00",",,W,2400",,,,,"70",",,W","54",",,W"
"USW00023272","SAN FRANCISCO DOWNTOWN, CA US","37.7705","-122.4269","45.7","2014-06-14","0.00",",,W,2400",,,,,"75",",,W","54",",,W"
"USW00023272","SAN FRANCISCO DOWNTOWN, CA US","37.7705","-122.4269","45.7","2014-06-15","0.00",",,W,2400",,,,,"64",",,W","53",",,W"
"USW00023272","SAN FRANCISCO DOWNTOWN, CA US","37.7705","-122.4269","45.7","2014-06-16","0.00",",,W,2400",,,,,"60",",,W","52",",,W"
"USW00023272","SAN FRANCISCO DOWNTOWN, CA US","37.7705","-122.4269","45.7","2014-06-17","0.00",",,W,2400",,,,,"67",",,W","51",",,W"
"USW00023272","SAN FRANCISCO DOWNTOWN, CA US","37.7705","-122.4269","45.7","2014-06-18","0.00",",,W,2400",,,,,"78",",,W","53",",,W"
"USW00023272","SAN FRANCISCO DOWNTOWN, CA US","37.7705","-122.4269","45.7","2014-06-19","0.00",",,W,2400",,,,,"65",",,W","53",",,W"
"USW00023272","SAN FRANCISCO DOWNTOWN, CA US","37.7705","-122.4269","45.7","2014-06-20","0.00",",,W,2400",,,,,"71",",,W","53",",,W"
"USW00023272","SAN FRANCISCO DOWNTOWN, CA US","37.7705","-122.4269","45.7","2014-06-21","0.00",",,W,2400",,,,,"60",",,W","53",",,W"
"USW00023272","SAN FRANCISCO DOWNTOWN, CA US","37.7705","-122.4269","45.7","2014-06-22","0.00",",,W,2400",,,,,"62",",,W","52",",,W"
"USW00023272","SAN FRANCISCO DOWNTOWN, CA US","37.7705","-122.4269","45.7","2014-06-23","0.00",",,W,2400",,,,,"67",",,W","52",",,W"
"USW00023272","SAN FRANCISCO DOWNTOWN, CA US","37.7705","-122.4269","45.7","2014-06-24","0.00",",,W,2400",,,,,"66",",,W","55",",,W"
"USW00023272","SAN FRANCISCO DOWNTOWN, CA US","37.7705","-122.4269","45.7","2014-06-25","0.00",",,W,2400",,,,,"62",",,W","54",",,W"
"USW00023272","SAN FRANCISCO DOWNTOWN, CA US","37.7705","-122.4269","45.7","2014-06-26","0.01",",,W,2400",,,,,"65",",,W","55",",,W"
"USW00023272","SAN FRANCISCO DOWNTOWN, CA US","37.7705","-122.4269","45.7","2014-06-27","0.00",",,W,2400",,,,,"67",",,W","55",",,W"
"USW00023272","SAN FRANCISCO DOWNTOWN, CA US","37.7705","-122.4269","45.7","2014-06-28","0.00",",,W,2400",,,,,"68",",,W","54",",,W"
"USW00023272","SAN FRANCISCO DOWNTOWN, CA US","37.7705","-122.4269","45.7","2014-06-29","0.00",",,W,2400",,,,,"73",",,W","55",",,W"
"USW00023272","SAN FRANCISCO DOWNTOWN, CA US","37.7705","-122.4269","45.7","2014-06-30","0.00",",,W,2400",,,,,"73",",,W","56",",,W"
"USW00023272","SAN FRANCISCO DOWNTOWN, CA US","37.7705","-122.4269","45.7","2014-07-01","0.00",",,W,2400",,,,,"65",",,W","55",",,W"
"USW00023272","SAN FRANCISCO DOWNTOWN, CA US","37.7705","-122.4269","45.7","2014-07-02","0.00",",,W,2400",,,,,"65",",,W","54",",,W"
"USW00023272","SAN FRANCISCO DOWNTOWN, CA US","37.7705","-122.4269","45.7","2014-07-03","0.00",",,W,2400",,,,,"65",",,W","54",",,W"
"USW00023272","SAN FRANCISCO DOWNTOWN, CA US","37.7705","-122.4269","45.7","2014-07-04","0.00",",,W,2400",,,,,"62",",,W","54",",,W"
"USW00023272","SAN FRANCISCO DOWNTOWN, CA US","37.7705","-122.4269","45.7","2014-07-05","0.00",",,W,2400",,,,,"65",",,W","54",",,W"
"USW00023272","SAN FRANCISCO DOWNTOWN, CA US","37.7705","-122.4269","45.7","2014-07-06","0.00",",,W,2400",,,,,"66",",,W","53",",,W"
"USW00023272","SAN FRANCISCO DOWNTOWN, CA US","37.7705","-122.4269","45.7","2014-07-07","0.00",",,W,2400",,,,,"68",",,W","54",",,W"
"USW00023272","SAN FRANCISCO DOWNTOWN, CA US","37.7705","-122.4269","45.7","2014-07-08","0.00",",,W,2400",,,,,"64",",,W","55",",,W"
"USW00023272","SAN FRANCISCO DOWNTOWN, CA US","37.7705","-122.4269","45.7","2014-07-09","0.00",",,W,2400",,,,,"68",",,W","57",",,W"
"USW00023272","SAN FRANCISCO DOWNTOWN, CA US","37.7705","-122.4269","45.7","2014-07-10","0.00",",,W,2400",,,,,"68",",,W","57",",,W"
"USW00023272","SAN FRANCISCO DOWNTOWN, CA US","37.7705","-122.4269","45.7","2014-07-11","0.00",",,W,2400",,,,,"68",",,W","57",",,W"
"USW00023272","SAN FRANCISCO DOWNTOWN, CA US","37.7705","-122.4269","45.7","2014-07-12","0.00",",,W,2400",,,,,"64",",,W","55",",,W"
"USW00023272","SAN FRANCISCO DOWNTOWN, CA US","37.7705","-122.4269","45.7","2014-07-13","0.00",",,W,2400",,,,,"67",",,W","54",",,W"
"USW00023272","SAN FRANCISCO DOWNTOWN, CA US","37.7705","-122.4269","45.7","2014-07-14","0.00",",,W,2400",,,,,"72",",,W","57",",,W"
"USW00023272","SAN FRANCISCO DOWNTOWN, CA US","37.7705","-122.4269","45.7","2014-07-15","0.00",",,W,2400",,,,,"73",",,W","56",",,W"
"USW00023272","SAN FRANCISCO DOWNTOWN, CA US","37.7705","-122.4269","45.7","2014-07-16","0.02",",,W,2400",,,,,"70",",,W","59",",,W"
"USW00023272","SAN FRANCISCO DOWNTOWN, CA US","37.7705","-122.4269","45.7","2014-07-17","0.00",",,W,2400",,,,,"68",",,W","60",",,W"
"USW00023272","SAN FRANCISCO DOWNTOWN, CA US","37.7705","-122.4269","45.7","2014-07-18","0.01",",,W,2400",,,,,"68",",,W","59",",,W"
"USW00023272","SAN FRANCISCO DOWNTOWN, CA US","37.7705","-122.4269","45.7","2014-07-19","0.00",",,W,2400",,,,,"68",",,W","59",",,W"
"USW00023272","SAN FRANCISCO DOWNTOWN, CA US","37.7705","-122.4269","45.7","2014-07-20","0.00",",,W,2400",,,,,"67",",,W","58",",,W"
"USW00023272","SAN FRANCISCO DOWNTOWN, CA US","37.7705","-122.4269","45.7","2014-07-21","0.01",",,W,2400",,,,,"70",",,W","61",",,W"
"USW00023272","SAN FRANCISCO DOWNTOWN, CA US","37.7705","-122.4269","45.7","2014-07-22","0.04",",,W,2400",,,,,"72",",,W","61",",,W"
"USW00023272","SAN FRANCISCO DOWNTOWN, CA US","37.7705","-122.4269","45.7","2014-07-23","0.00",",,W,2400",,,,,"71",",,W","62",",,W"
"USW00023272","SAN FRANCISCO DOWNTOWN, CA US","37.7705","-122.4269","45.7","2014-07-24","0.00",",,W,2400",,,,,"75",",,W","59",",,W"
"USW00023272","SAN FRANCISCO DOWNTOWN, CA US","37.7705","-122.4269","45.7","2014-07-25","0.00",",,W,2400",,,,,"85",",,W","60",",,W"
"USW00023272","SAN FRANCISCO DOWNTOWN, CA US","37.7705","-122.4269","45.7","2014-07-26","0.00",",,W,2400",,,,,"72",",,W","59",",,W"
"USW00023272","SAN FRANCISCO DOWNTOWN, CA US","37.7705","-122.4269","45.7","2014-07-27","0.00",",,W,2400",,,,,"69",",,W","59",",,W"
"USW00023272","SAN FRANCISCO DOWNTOWN, CA US","37.7705","-122.4269","45.7","2014-07-28","0.00",",,W,2400",,,,,"67",",,W","58",",,W"
"USW00023272","SAN FRANCISCO DOWNTOWN, CA US","37.7705","-122.4269","45.7","2014-07-29","0.00",",,W,2400",,,,,"67",",,W","57",",,W"
"USW00023272","SAN FRANCISCO DOWNTOWN, CA US","37.7705","-122.4269","45.7","2014-07-30","0.00",",,W,2400",,,,,"67",",,W","56",",,W"
"USW00023272","SAN FRANCISCO DOWNTOWN, CA US","37.7705","-122.4269","45.7","2014-07-31","0.00",",,W,2400",,,,,"66",",,W","56",",,W"
"USW00023272","SAN FRANCISCO DOWNTOWN, CA US","37.7705","-122.4269","45.7","2014-08-01","0.00",",,W,2400",,,,,"65",",,W","57",",,W"
"USW00023272","SAN FRANCISCO DOWNTOWN, CA US","37.7705","-122.4269","45.7","2014-08-02","0.00",",,W,2400",,,,,"62",",,W","56",",,W"
"USW00023272","SAN FRANCISCO DOWNTOWN, CA US","37.7705","-122.4269","45.7","2014-08-03","0.00",",,W,2400",,,,,"64",",,W","57",",,W"
"USW00023272","SAN FRANCISCO DOWNTOWN, CA US","37.7705","-122.4269","45.7","2014-08-04","0.00",",,W,2400",,,,,"68",",,W","57",",,W"
"USW00023272","SAN FRANCISCO DOWNTOWN, CA US","37.7705","-122.4269","45.7","2014-08-05","0.00",",,W,2400",,,,,"69",",,W","59",",,W"
"USW00023272","SAN FRANCISCO DOWNTOWN, CA US","37.7705","-122.4269","45.7","2014-08-06","0.01",",,W,2400",,,,,"71",",,W","58",",,W"
"USW00023272","SAN FRANCISCO DOWNTOWN, CA US","37.7705","-122.4269","45.7","2014-08-07","0.00",",,W,2400",,,,,"64",",,W","57",",,W"
"USW00023272","SAN FRANCISCO DOWNTOWN, CA US","37.7705","-122.4269","45.7","2014-08-08","0.00",",,W,2400",,,,,"68",",,W","57",",,W"
"USW00023272","SAN FRANCISCO DOWNTOWN, CA US","37.7705","-122.4269","45.7","2014-08-09","0.00",",,W,2400",,,,,"60",",,W","56",",,W"
"USW00023272","SAN FRANCISCO DOWNTOWN, CA US","37.7705","-122.4269","45.7","2014-08-10","0.00",",,W,2400",,,,,"68",",,W","57",",,W"
"USW00023272","SAN FRANCISCO DOWNTOWN, CA US","37.7705","-122.4269","45.7","2014-08-11","0.00",",,W,2400",,,,,"69",",,W","59",",,W"
"USW00023272","SAN FRANCISCO DOWNTOWN, CA US","37.7705","-122.4269","45.7","2014-08-12","0.00",",,W,2400",,,,,"70",",,W","59",",,W"
"USW00023272","SAN FRANCISCO DOWNTOWN, CA US","37.7705","-122.4269","45.7","2014-08-13","0.00",",,W,2400",,,,,"69",",,W","58",",,W"
"USW00023272","SAN FRANCISCO DOWNTOWN, CA US","37.7705","-122.4269","45.7","2014-08-14","0.00",",,W,2400",,,,,"68",",,W","57",",,W"
"USW00023272","SAN FRANCISCO DOWNTOWN, CA US","37.7705","-122.4269","45.7","2014-08-15","0.00",",,W,2400",,,,,"69",",,W","58",",,W"
"USW00023272","SAN FRANCISCO DOWNTOWN, CA US","37.7705","-122.4269","45.7","2014-08-16","0.00",",,W,2400",,,,,"67",",,W","58",",,W"
"USW00023272","SAN FRANCISCO DOWNTOWN, CA US","37.7705","-122.4269","45.7","2014-08-17","0.00",",,W,2400",,,,,"67",",,W","56",",,W"
"USW00023272","SAN FRANCISCO DOWNTOWN, CA US","37.7705","-122.4269","45.7","2014-08-18","0.00",",,W,2400",,,,,"62",",,W","57",",,W"
"USW00023272","SAN FRANCISCO DOWNTOWN, CA US","37.7705","-122.4269","45.7","2014-08-19","0.00",",,W,2400",,,,,"68",",,W","58",",,W"
"USW00023272","SAN FRANCISCO DOWNTOWN, CA US","37.7705","-122.4269","45.7","2014-08-20","0.00",",,W,2400",,,,,"67",",,W","60",",,W"
"USW00023272","SAN FRANCISCO DOWNTOWN, CA US","37.7705","-122.4269","45.7","2014-08-21","0.00",",,W,2400",,,,,"69",",,W","59",",,W"
"USW00023272","SAN FRANCISCO DOWNTOWN, CA US","37.7705","-122.4269","45.7","2014-08-22","0.00",",,W,2400",,,,,"68",",,W","59",",,W"
"USW00023272","SAN FRANCISCO DOWNTOWN, CA US","37.7705","-122.4269","45.7","2014-08-23","0.00",",,W,2400",,,,,"70",",,W","60",",,W"
"USW00023272","SAN FRANCISCO DOWNTOWN, CA US","37.7705","-122.4269","45.7","2014-08-24","0.00",",,W,2400",,,,,"69",",,W","59",",,W"
"USW00023272","SAN FRANCISCO DOWNTOWN, CA US","37.7705","-122.4269","45.7","2014-08-25","0.00",",,W,2400",,,,,"68",",,W","61",",,W"
"USW00023272","SAN FRANCISCO DOWNTOWN, CA US","37.7705","-122.4269","45.7","2014-08-26","0.00",",,W,2400",,,,,"69",",,W","60",",,W"
"USW00023272","SAN FRANCISCO DOWNTOWN, CA US","37.7705","-122.4269","45.7","2014-08-27","0.00",",,W,2400",,,,,"69",",,W","59",",,W"
"USW00023272","SAN FRANCISCO DOWNTOWN, CA US","37.7705","-122.4269","45.7","2014-08-28","0.00",",,W,2400",,,,,"68",",,W","59",",,W"
"USW00023272","SAN FRANCISCO DOWNTOWN, CA US","37.7705","-122.4269","45.7","2014-08-29","0.00",",,W,2400",,,,,"69",",,W","58",",,W"
"USW00023272","SAN FRANCISCO DOWNTOWN, CA US","37.7705","-122.4269","45.7","2014-08-30","0.00",",,W,2400",,,,,"71",",,W","60",",,W"
"USW00023272","SAN FRANCISCO DOWNTOWN, CA US","37.7705","-122.4269","45.7","2014-08-31","0.00",",,W,2400",,,,,"71",",,W","59",",,W"
"USW00023272","SAN FRANCISCO DOWNTOWN, CA US","37.7705","-122.4269","45.7","2014-09-01","0.00",",,W,2400",,,,,"74",",,W","59",",,W"
"USW00023272","SAN FRANCISCO DOWNTOWN, CA US","37.7705","-122.4269","45.7","2014-09-02","0.00",",,W,2400",,,,,"65",",,W","58",",,W"
"USW00023272","SAN FRANCISCO DOWNTOWN, CA US","37.7705","-122.4269","45.7","2014-09-03","0.00",",,W,2400",,,,,"69",",,W","59",",,W"
"USW00023272","SAN FRANCISCO DOWNTOWN, CA US","37.7705","-122.4269","45.7","2014-09-04","0.00",",,W,2400",,,,,"69",",,W","59",",,W"
"USW00023272","SAN FRANCISCO DOWNTOWN, CA US","37.7705","-122.4269","45.7","2014-09-05","0.00",",,W,2400",,,,,"68",",,W","59",",,W"
"USW00023272","SAN FRANCISCO DOWNTOWN, CA US","37.7705","-122.4269","45.7","2014-09-06","0.00",",,W,2400",,,,,"67",",,W","59",",,W"
"USW00023272","SAN FRANCISCO DOWNTOWN, CA US","37.7705","-122.4269","45.7","2014-09-07","0.00",",,W,2400",,,,,"66",",,W","57",",,W"
"USW00023272","SAN FRANCISCO DOWNTOWN, CA US","37.7705","-122.4269","45.7","2014-09-08","0.00",",,W,2400",,,,,"64",",,W","57",",,W"
"USW00023272","SAN FRANCISCO DOWNTOWN, CA US","37.7705","-122.4269","45.7","2014-09-09","0.00",",,W,2400",,,,,"66",",,W","57",",,W"
"USW00023272","SAN FRANCISCO DOWNTOWN, CA US","37.7705","-122.4269","45.7","2014-09-10","0.00",",,W,2400",,,,,"80",",,W","57",",,W"
"USW00023272","SAN FRANCISCO DOWNTOWN, CA US","37.7705","-122.4269","45.7","2014-09-11","0.00",",,W,2400",,,,,"78",",,W","56",",,W"
"USW00023272","SAN FRANCISCO DOWNTOWN, CA US","37.7705","-122.4269","45.7","2014-09-12","0.00",",,W,2400",,,,,"68",",,W","56",",,W"
"USW00023272","SAN FRANCISCO DOWNTOWN, CA US","37.7705","-122.4269","45.7","2014-09-13","0.00",",,W,2400",,,,,"68",",,W","56",",,W"
"USW00023272","SAN FRANCISCO DOWNTOWN, CA US","37.7705","-122.4269","45.7","2014-09-14","0.00",",,W,2400",,,,,"70",",,W","58",",,W"
"USW00023272","SAN FRANCISCO DOWNTOWN, CA US","37.7705","-122.4269","45.7","2014-09-15","0.00",",,W,2400",,,,,"71",",,W","60",",,W"
"USW00023272","SAN FRANCISCO DOWNTOWN, CA US","37.7705","-122.4269","45.7","2014-09-16","0.00",",,W,2400",,,,,"75",",,W","60",",,W"
"USW00023272","SAN FRANCISCO DOWNTOWN, CA US","37.7705","-122.4269","45.7","2014-09-17","0.00",",,W,2400",,,,,"74",",,W","62",",,W"
"USW00023272","SAN FRANCISCO DOWNTOWN, CA US","37.7705","-122.4269","45.7","2014-09-18","0.04",",,W,2400",,,,,"74",",,W","62",",,W"
"USW00023272","SAN FRANCISCO DOWNTOWN, CA US","37.7705","-122.4269","45.7","2014-09-19","0.00",",,W,2400",,,,,"68",",,W","62",",,W"
"USW00023272","SAN FRANCISCO DOWNTOWN, CA US","37.7705","-122.4269","45.7","2014-09-20","0.00",",,W,2400",,,,,"66",",,W","61",",,W"
"USW00023272","SAN FRANCISCO DOWNTOWN, CA US","37.7705","-122.4269","45.7","2014-09-21","0.00",",,W,2400",,,,,"67",",,W","62",",,W"
"USW00023272","SAN FRANCISCO DOWNTOWN, CA US","37.7705","-122.4269","45.7","2014-09-22","0.00",",,W,2400",,,,,"71",",,W","62",",,W"
"USW00023272","SAN FRANCISCO DOWNTOWN, CA US","37.7705","-122.4269","45.7","2014-09-23","0.00",",,W,2400",,,,,"70",",,W","61",",,W"
"USW00023272","SAN FRANCISCO DOWNTOWN, CA US","37.7705","-122.4269","45.7","2014-09-24","0.04",",,W,2400",,,,,"75",",,W","62",",,W"
"USW00023272","SAN FRANCISCO DOWNTOWN, CA US","37.7705","-122.4269","45.7","2014-09-25","0.47",",,W,2400",,,,,"71",",,W","58",",,W"
"USW00023272","SAN FRANCISCO DOWNTOWN, CA US","37.7705","-122.4269","45.7","2014-09-26","0.00",",,W,2400",,,,,"70",",,W","61",",,W"
"USW00023272","SAN FRANCISCO DOWNTOWN, CA US","37.7705","-122.4269","45.7","2014-09-27","0.00",",,W,2400",,,,,"70",",,W","60",",,W"
"USW00023272","SAN FRANCISCO DOWNTOWN, CA US","37.7705","-122.4269","45.7","2014-09-28","0.00",",,W,2400",,,,,"69",",,W","60",",,W"
"USW00023272","SAN FRANCISCO DOWNTOWN, CA US","37.7705","-122.4269","45.7","2014-09-29","0.00",",,W,2400",,,,,"65",",,W","57",",,W"
"USW00023272","SAN FRANCISCO DOWNTOWN, CA US","37.7705","-122.4269","45.7","2014-09-30","0.00",",,W,2400",,,,,"69",",,W","58",",,W"
"USW00023272","SAN FRANCISCO DOWNTOWN, CA US","37.7705","-122.4269","45.7","2014-10-01","0.00",",,W,2400",,,,,"82",",,W","59",",,W"
"USW00023272","SAN FRANCISCO DOWNTOWN, CA US","37.7705","-122.4269","45.7","2014-10-02","0.00",",,W,2400",,,,,"88",",,W","60",",,W"
"USW00023272","SAN FRANCISCO DOWNTOWN, CA US","37.7705","-122.4269","45.7","2014-10-03","0.00",",,W,2400",,,,,"92",",,W","65",",,W"
"USW00023272","SAN FRANCISCO DOWNTOWN, CA US","37.7705","-122.4269","45.7","2014-10-04","0.00",",,W,2400",,,,,"91",",,W","63",",,W"
"USW00023272","SAN FRANCISCO DOWNTOWN, CA US","37.7705","-122.4269","45.7","2014-10-05","0.00",",,W,2400",,,,,"82",",,W","57",",,W"
"USW00023272","SAN FRANCISCO DOWNTOWN, CA US","37.7705","-122.4269","45.7","2014-10-06","0.00",",,W,2400",,,,,"73",",,W","55",",,W"
"USW00023272","SAN FRANCISCO DOWNTOWN, CA US","37.7705","-122.4269","45.7","2014-10-07","0.00",",,W,2400",,,,,"66",",,W","55",",,W"
"USW00023272","SAN FRANCISCO DOWNTOWN, CA US","37.7705","-122.4269","45.7","2014-10-08","0.00",",,W,2400",,,,,"66",",,W","55",",,W"
"USW00023272","SAN FRANCISCO DOWNTOWN, CA US","37.7705","-122.4269","45.7","2014-10-09","0.00",",,W,2400",,,,,"62",",,W","56",",,W"
"USW00023272","SAN FRANCISCO DOWNTOWN, CA US","37.7705","-122.4269","45.7","2014-10-10","0.00",",,W,2400",,,,,"64",",,W","56",",,W"
"USW00023272","SAN FRANCISCO DOWNTOWN, CA US","37.7705","-122.4269","45.7","2014-10-11","0.00",",,W,2400",,,,,"71",",,W","55",",,W"
"USW00023272","SAN FRANCISCO DOWNTOWN, CA US","37.7705","-122.4269","45.7","2014-10-12","0.00",",,W,2400",,,,,"85",",,W","58",",,W"
"USW00023272","SAN FRANCISCO DOWNTOWN, CA US","37.7705","-122.4269","45.7","2014-10-13","0.00",",,W,2400",,,,,"79",",,W","59",",,W"
"USW00023272","SAN FRANCISCO DOWNTOWN, CA US","37.7705","-122.4269","45.7","2014-10-14","0.00",",,W,2400",,,,,"68",",,W","58",",,W"
"USW00023272","SAN FRANCISCO DOWNTOWN, CA US","37.7705","-122.4269","45.7","2014-10-15","0.00",",,W,2400",,,,,"70",",,W","59",",,W"
"USW00023272","SAN FRANCISCO DOWNTOWN, CA US","37.7705","-122.4269","45.7","2014-10-16","0.00",",,W,2400",,,,,"68",",,W","56",",,W"
"USW00023272","SAN FRANCISCO DOWNTOWN, CA US","37.7705","-122.4269","45.7","2014-10-17","0.00",",,W,2400",,,,,"74",",,W","57",",,W"
"USW00023272","SAN FRANCISCO DOWNTOWN, CA US","37.7705","-122.4269","45.7","2014-10-18","0.00",",,W,2400",,,,,"76",",,W","63",",,W"
"USW00023272","SAN FRANCISCO DOWNTOWN, CA US","37.7705","-122.4269","45.7","2014-10-19","0.00",",,W,2400",,,,,"70",",,W","58",",,W"
"USW00023272","SAN FRANCISCO DOWNTOWN, CA US","37.7705","-122.4269","45.7","2014-10-20","0.05",",,W,2400",,,,,"67",",,W","59",",,W"
"USW00023272","SAN FRANCISCO DOWNTOWN, CA US","37.7705","-122.4269","45.7","2014-10-21","0.00",",,W,2400",,,,,"67",",,W","55",",,W"
"USW00023272","SAN FRANCISCO DOWNTOWN, CA US","37.7705","-122.4269","45.7","2014-10-22","0.00",",,W,2400",,,,,"70",",,W","56",",,W"
"USW00023272","SAN FRANCISCO DOWNTOWN, CA US","37.7705","-122.4269","45.7","2014-10-23","0.00",",,W,2400",,,,,"71",",,W","60",",,W"
"USW00023272","SAN FRANCISCO DOWNTOWN, CA US","37.7705","-122.4269","45.7","2014-10-24","0.00",",,W,2400",,,,,"68",",,W","58",",,W"
"USW00023272","SAN FRANCISCO DOWNTOWN, CA US","37.7705","-122.4269","45.7","2014-10-25","0.19",",,W,2400",,,,,"69",",,W","59",",,W"
"USW00023272","SAN FRANCISCO DOWNTOWN, CA US","37.7705","-122.4269","45.7","2014-10-26","0.00",",,W,2400",,,,,"67",",,W","55",",,W"
"USW00023272","SAN FRANCISCO DOWNTOWN, CA US","37.7705","-122.4269","45.7","2014-10-27","0.00",",,W,2400",,,,,"66",",,W","54",",,W"
"USW00023272","SAN FRANCISCO DOWNTOWN, CA US","37.7705","-122.4269","45.7","2014-10-28","0.00",",,W,2400",,,,,"69",",,W","55",",,W"
"USW00023272","SAN FRANCISCO DOWNTOWN, CA US","37.7705","-122.4269","45.7","2014-10-29","0.00",",,W,2400",,,,,"79",",,W","57",",,W"
"USW00023272","SAN FRANCISCO DOWNTOWN, CA US","37.7705","-122.4269","45.7","2014-10-30","0.00",",,W,2400",,,,,"71",",,W","61",",,W"
"USW00023272","SAN FRANCISCO DOWNTOWN, CA US","37.7705","-122.4269","45.7","2014-10-31","0.22",",,W,2400",,,,,"62",",,W","57",",,W"
"USW00023272","SAN FRANCISCO DOWNTOWN, CA US","37.7705","-122.4269","45.7","2014-11-01","0.00",",,W,2400",,,,,"64",",,W","55",",,W"
"USW00023272","SAN FRANCISCO DOWNTOWN, CA US","37.7705","-122.4269","45.7","2014-11-02","0.00",",,W,2400",,,,,"64",",,W","53",",,W"
"USW00023272","SAN FRANCISCO DOWNTOWN, CA US","37.7705","-122.4269","45.7","2014-11-03","0.00",",,W,2400",,,,,"68",",,W","52",",,W"
"USW00023272","SAN FRANCISCO DOWNTOWN, CA US","37.7705","-122.4269","45.7","2014-11-04","0.00",",,W,2400",,,,,"69",",,W","54",",,W"
"USW00023272","SAN FRANCISCO DOWNTOWN, CA US","37.7705","-122.4269","45.7","2014-11-05","0.00",",,W,2400",,,,,"75",",,W","57",",,W"
"USW00023272","SAN FRANCISCO DOWNTOWN, CA US","37.7705","-122.4269","45.7","2014-11-06","0.00",",,W,2400",,,,,"73",",,W","57",",,W"
"USW00023272","SAN FRANCISCO DOWNTOWN, CA US","37.7705","-122.4269","45.7","2014-11-07","0.00",",,W,2400",,,,,"67",",,W","56",",,W"
"USW00023272","SAN FRANCISCO DOWNTOWN, CA US","37.7705","-122.4269","45.7","2014-11-08","0.00",",,W,2400",,,,,"76",",,W","56",",,W"
"USW00023272","SAN FRANCISCO DOWNTOWN, CA US","37.7705","-122.4269","45.7","2014-11-09","0.00",",,W,2400",,,,,"72",",,W","54",",,W"
"USW00023272","SAN FRANCISCO DOWNTOWN, CA US","37.7705","-122.4269","45.7","2014-11-10","0.00",",,W,2400",,,,,"62",",,W","54",",,W"
"USW00023272","SAN FRANCISCO DOWNTOWN, CA US","37.7705","-122.4269","45.7","2014-11-11","0.00",",,W,2400",,,,,"64",",,W","57",",,W"
"USW00023272","SAN FRANCISCO DOWNTOWN, CA US","37.7705","-122.4269","45.7","2014-11-12","0.01",",,W,2400",,,,,"65",",,W","56",",,W"
"USW00023272","SAN FRANCISCO DOWNTOWN, CA US","37.7705","-122.4269","45.7","2014-11-13","0.29",",,W,2400",,,,,"63",",,W","55",",,W"
"USW00023272","SAN FRANCISCO DOWNTOWN, CA US","37.7705","-122.4269","45.7","2014-11-14","0.00",",,W,2400",,,,,"65",",,W","55",",,W"
"USW00023272","SAN FRANCISCO DOWNTOWN, CA US","37.7705","-122.4269","45.7","2014-11-15","0.00",",,W,2400",,,,,"65",",,W","53",",,W"
"USW00023272","SAN FRANCISCO DOWNTOWN, CA US","37.7705","-122.4269","45.7","2014-11-16","0.00",",,W,2400",,,,,"63",",,W","56",",,W"
"USW00023272","SAN FRANCISCO DOWNTOWN, CA US","37.7705","-122.4269","45.7","2014-11-17","0.00",",,W,2400",,,,,"66",",,W","52",",,W"
"USW00023272","SAN FRANCISCO DOWNTOWN, CA US","37.7705","-122.4269","45.7","2014-11-18","0.00",",,W,2400",,,,,"64",",,W","53",",,W"
"USW00023272","SAN FRANCISCO DOWNTOWN, CA US","37.7705","-122.4269","45.7","2014-11-19","0.18",",,W,2400",,,,,"61",",,W","55",",,W"
"USW00023272","SAN FRANCISCO DOWNTOWN, CA US","37.7705","-122.4269","45.7","2014-11-20","0.57",",,W,2400",,,,,"58",",,W","54",",,W"
"USW00023272","SAN FRANCISCO DOWNTOWN, CA US","37.7705","-122.4269","45.7","2014-11-21","0.00",",,W,2400",,,,,"61",",,W","54",",,W"
"USW00023272","SAN FRANCISCO DOWNTOWN, CA US","37.7705","-122.4269","45.7","2014-11-22","0.31",",,W,2400",,,,,"64",",,W","56",",,W"
"USW00023272","SAN FRANCISCO DOWNTOWN, CA US","37.7705","-122.4269","45.7","2014-11-23","0.00",",,W,2400",,,,,"65",",,W","51",",,W"
"USW00023272","SAN FRANCISCO DOWNTOWN, CA US","37.7705","-122.4269","45.7","2014-11-24","0.00",",,W,2400",,,,,"66",",,W","50",",,W"
"USW00023272","SAN FRANCISCO DOWNTOWN, CA US","37.7705","-122.4269","45.7","2014-11-25","0.00",",,W,2400",,,,,"65",",,W","52",",,W"
"USW00023272","SAN FRANCISCO DOWNTOWN, CA US","37.7705","-122.4269","45.7","2014-11-26","0.00",",,W,2400",,,,,"68",",,W","53",",,W"
"USW00023272","SAN FRANCISCO DOWNTOWN, CA US","37.7705","-122.4269","45.7","2014-11-27","0.00",",,W,2400",,,,,"67",",,W","53",",,W"
"USW00023272","SAN FRANCISCO DOWNTOWN, CA US","37.7705","-122.4269","45.7","2014-11-28","0.02",",,W,2400",,,,,"63",",,W","49",",,W"
"USW00023272","SAN FRANCISCO DOWNTOWN, CA US","37.7705","-122.4269","45.7","2014-11-29","0.14",",,W,2400",,,,,"65",",,W","55",",,W"
"USW00023272","SAN FRANCISCO DOWNTOWN, CA US","37.7705","-122.4269","45.7","2014-11-30","0.77",",,W,2400",,,,,"60",",,W","54",",,W"
"USW00023272","SAN FRANCISCO DOWNTOWN, CA US","37.7705","-122.4269","45.7","2014-12-01","0.00",",,W,2400",,,,,"65",",,W","57",",,W"
"USW00023272","SAN FRANCISCO DOWNTOWN, CA US","37.7705","-122.4269","45.7","2014-12-02","1.61",",,W,2400",,,,,"61",",,W","55",",,W"
"USW00023272","SAN FRANCISCO DOWNTOWN, CA US","37.7705","-122.4269","45.7","2014-12-03","1.80",",,W,2400",,,,,"64",",,W","57",",,W"
"USW00023272","SAN FRANCISCO DOWNTOWN, CA US","37.7705","-122.4269","45.7","2014-12-04","0.09",",,W,2400",,,,,"66",",,W","57",",,W"
"USW00023272","SAN FRANCISCO DOWNTOWN, CA US","37.7705","-122.4269","45.7","2014-12-05","0.11",",,W,2400",,,,,"64",",,W","57",",,W"
"USW00023272","SAN FRANCISCO DOWNTOWN, CA US","37.7705","-122.4269","45.7","2014-12-06","0.18",",,W,2400",,,,,"66",",,W","58",",,W"
"USW00023272","SAN FRANCISCO DOWNTOWN, CA US","37.7705","-122.4269","45.7","2014-12-07","0.00",",,W,2400",,,,,"63",",,W","57",",,W"
"USW00023272","SAN FRANCISCO DOWNTOWN, CA US","37.7705","-122.4269","45.7","2014-12-08","0.00",",,W,2400",,,,,"68",",,W","57",",,W"
"USW00023272","SAN FRANCISCO DOWNTOWN, CA US","37.7705","-122.4269","45.7","2014-12-09","0.01",",,W,2400",,,,,"63",",,W","58",",,W"
"USW00023272","SAN FRANCISCO DOWNTOWN, CA US","37.7705","-122.4269","45.7","2014-12-10","0.00",",,W,2400",,,,,"64",",,W","57",",,W"
"USW00023272","SAN FRANCISCO DOWNTOWN, CA US","37.7705","-122.4269","45.7","2014-12-11","3.40",",,W,2400",,,,,"64",",,W","50",",,W"
"USW00023272","SAN FRANCISCO DOWNTOWN, CA US","37.7705","-122.4269","45.7","2014-12-12","0.25",",,W,2400",,,,,"57",",,W","49",",,W"
"USW00023272","SAN FRANCISCO DOWNTOWN, CA US","37.7705","-122.4269","45.7","2014-12-13","0.00",",,W,2400",,,,,"56",",,W","50",",,W"
"USW00023272","SAN FRANCISCO DOWNTOWN, CA US","37.7705","-122.4269","45.7","2014-12-14","0.18",",,W,2400",,,,,"59",",,W","50",",,W"
"USW00023272","SAN FRANCISCO DOWNTOWN, CA US","37.7705","-122.4269","45.7","2014-12-15","1.23",",,W,2400",,,,,"55",",,W","50",",,W"
"USW00023272","SAN FRANCISCO DOWNTOWN, CA US","37.7705","-122.4269","45.7","2014-12-16","1.12",",,W,2400",,,,,"61",",,W","50",",,W"
"USW00023272","SAN FRANCISCO DOWNTOWN, CA US","37.7705","-122.4269","45.7","2014-12-17","0.27",",,W,2400",,,,,"58",",,W","50",",,W"
"USW00023272","SAN FRANCISCO DOWNTOWN, CA US","37.7705","-122.4269","45.7","2014-12-18","0.04",",,W,2400",,,,,"60",",,W","50",",,W"
"USW00023272","SAN FRANCISCO DOWNTOWN, CA US","37.7705","-122.4269","45.7","2014-12-19","1.24",",,W,2400",,,,,"57",",,W","54",",,W"
"USW00023272","SAN FRANCISCO DOWNTOWN, CA US","37.7705","-122.4269","45.7","2014-12-20","0.04",",,W,2400",,,,,"61",",,W","55",",,W"
"USW00023272","SAN FRANCISCO DOWNTOWN, CA US","37.7705","-122.4269","45.7","2014-12-21","0.06",",,W,2400",,,,,"62",",,W","57",",,W"
"USW00023272","SAN FRANCISCO DOWNTOWN, CA US","37.7705","-122.4269","45.7","2014-12-22","0.00",",,W,2400",,,,,"64",",,W","54",",,W"
"USW00023272","SAN FRANCISCO DOWNTOWN, CA US","37.7705","-122.4269","45.7","2014-12-23","0.00",",,W,2400",,,,,"68",",,W","53",",,W"
"USW00023272","SAN FRANCISCO DOWNTOWN, CA US","37.7705","-122.4269","45.7","2014-12-24","0.07",",,W,2400",,,,,"61",",,W","49",",,W"
"USW00023272","SAN FRANCISCO DOWNTOWN, CA US","37.7705","-122.4269","45.7","2014-12-25","0.00",",,W,2400",,,,,"57",",,W","47",",,W"
"USW00023272","SAN FRANCISCO DOWNTOWN, CA US","37.7705","-122.4269","45.7","2014-12-26","0.00",",,W,2400",,,,,"58",",,W","48",",,W"
"USW00023272","SAN FRANCISCO DOWNTOWN, CA US","37.7705","-122.4269","45.7","2014-12-27","0.00",",,W,2400",,,,,"55",",,W","45",",,W"
"USW00023272","SAN FRANCISCO DOWNTOWN, CA US","37.7705","-122.4269","45.7","2014-12-28","0.00",",,W,2400",,,,,"57",",,W","45",",,W"
"USW00023272","SAN FRANCISCO DOWNTOWN, CA US","37.7705","-122.4269","45.7","2014-12-29","0.00",",,W,2400",,,,,"54",",,W","46",",,W"
"USW00023272","SAN FRANCISCO DOWNTOWN, CA US","37.7705","-122.4269","45.7","2014-12-30","0.00",",,W,2400",,,,,"53",",,W","45",",,W"
"USW00023272","SAN FRANCISCO DOWNTOWN, CA US","37.7705","-122.4269","45.7","2014-12-31","0.00",",,W,2400",,,,,"57",",,W","45",",,W"
