STATION,NAME,DATE,TAVG,TMAX,TMIN,TOBS,WESD,WESF
USC00280907,"BOONTON 1 SE, NJ US",2020-01-01,,42,35,35,,
USC00280907,"BOONTON 1 SE, NJ US",2020-01-02,,37,24,25,,
USC00280907,"BOONTON 1 SE, NJ US",2020-01-03,,46,24,39,,
USC00280907,"BOONTON 1 SE, NJ US",2020-01-04,,46,39,43,,
USC00280907,"BOONTON 1 SE, NJ US",2020-01-05,,48,36,36,,
USC00280907,"BOONTON 1 SE, NJ US",2020-01-06,,39,30,32,,
USC00280907,"BOONTON 1 SE, NJ US",2020-01-07,,43,29,30,,
USC00280907,"BOONTON 1 SE, NJ US",2020-01-08,,41,28,29,,
USC00280907,"BOONTON 1 SE, NJ US",2020-01-09,,40,21,21,,
USC00280907,"BOONTON 1 SE, NJ US",2020-01-10,,33,20,30,,
USC00280907,"BOONTON 1 SE, NJ US",2020-01-11,,50,30,48,,
USC00280907,"BOONTON 1 SE, NJ US",2020-01-12,,65,47,57,,
USC00280907,"BOONTON 1 SE, NJ US",2020-01-13,,63,32,32,,
USC00280907,"BOONTON 1 SE, NJ US",2020-01-14,,42,31,34,,
USC00280907,"BOONTON 1 SE, NJ US",2020-01-15,,42,33,38,,
USC00280907,"BOONTON 1 SE, NJ US",2020-01-16,,48,33,42,,
USC00280907,"BOONTON 1 SE, NJ US",2020-01-17,,47,20,21,,
USC00280907,"BOONTON 1 SE, NJ US",2020-01-18,,27,16,18,,
USC00280907,"BOONTON 1 SE, NJ US",2020-01-19,,37,18,35,,
USC00280907,"BOONTON 1 SE, NJ US",2020-01-20,,40,18,20,,
USC00280907,"BOONTON 1 SE, NJ US",2020-01-21,,29,18,18,,
USC00280907,"BOONTON 1 SE, NJ US",2020-01-22,,31,16,17,,
USC00280907,"BOONTON 1 SE, NJ US",2020-01-23,,37,16,18,,
USC00280907,"BOONTON 1 SE, NJ US",2020-01-24,,44,18,27,,
USC00280907,"BOONTON 1 SE, NJ US",2020-01-25,,51,26,36,,
USC00280907,"BOONTON 1 SE, NJ US",2020-01-26,,44,35,36,,
USC00280907,"BOONTON 1 SE, NJ US",2020-01-27,,43,34,36,,
USC00280907,"BOONTON 1 SE, NJ US",2020-01-28,,44,35,35,,
USC00280907,"BOONTON 1 SE, NJ US",2020-01-29,,41,32,32,,
USC00280907,"BOONTON 1 SE, NJ US",2020-01-30,,38,21,21,,
USC00280907,"BOONTON 1 SE, NJ US",2020-01-31,,34,20,25,,
USC00280907,"BOONTON 1 SE, NJ US",2020-02-01,,39,25,35,,
USC00280907,"BOONTON 1 SE, NJ US",2020-02-02,,41,33,33,,
USC00280907,"BOONTON 1 SE, NJ US",2020-02-03,,42,32,42,,
USC00280907,"BOONTON 1 SE, NJ US",2020-02-04,,53,35,39,,
USC00280907,"BOONTON 1 SE, NJ US",2020-02-05,,56,38,39,,
USC00280907,"BOONTON 1 SE, NJ US",2020-02-06,,40,32,35,,
USC00280907,"BOONTON 1 SE, NJ US",2020-02-07,,40,35,38,,
USC00280907,"BOONTON 1 SE, NJ US",2020-02-08,,50,27,27,,
USC00280907,"BOONTON 1 SE, NJ US",2020-02-09,,37,25,27,,
USC00280907,"BOONTON 1 SE, NJ US",2020-02-10,,40,27,38,,
USC00280907,"BOONTON 1 SE, NJ US",2020-02-11,,44,38,41,,
USC00280907,"BOONTON 1 SE, NJ US",2020-02-12,,47,36,36,,
USC00280907,"BOONTON 1 SE, NJ US",2020-02-13,,44,34,35,,
USC00280907,"BOONTON 1 SE, NJ US",2020-02-14,,42,30,30,,
USC00280907,"BOONTON 1 SE, NJ US",2020-02-15,,30,9,10,,
USC00280907,"BOONTON 1 SE, NJ US",2020-02-16,,29,9,27,,
USC00280907,"BOONTON 1 SE, NJ US",2020-02-17,,41,26,33,,
USC00280907,"BOONTON 1 SE, NJ US",2020-02-18,,48,32,34,,
USC00280907,"BOONTON 1 SE, NJ US",2020-02-19,,45,34,38,,
USC00280907,"BOONTON 1 SE, NJ US",2020-02-20,,46,26,27,,
USC00280907,"BOONTON 1 SE, NJ US",2020-02-21,,34,18,19,,
USC00280907,"BOONTON 1 SE, NJ US",2020-02-22,,34,19,25,,
USC00280907,"BOONTON 1 SE, NJ US",2020-02-23,,48,24,28,,
USC00280907,"BOONTON 1 SE, NJ US",2020-02-24,,53,28,28,,
USC00280907,"BOONTON 1 SE, NJ US",2020-02-25,,60,28,41,,
USC00280907,"BOONTON 1 SE, NJ US",2020-02-26,,50,41,43,,
USC00280907,"BOONTON 1 SE, NJ US",2020-02-27,,47,40,40,,
USC00280907,"BOONTON 1 SE, NJ US",2020-02-28,,40,27,27,,
USC00280907,"BOONTON 1 SE, NJ US",2020-02-29,,38,26,27,,
USC00280907,"BOONTON 1 SE, NJ US",2020-03-01,,33,23,26,,
USC00280907,"BOONTON 1 SE, NJ US",2020-03-02,,42,25,27,,
USC00280907,"BOONTON 1 SE, NJ US",2020-03-03,,60,26,43,,
USC00280907,"BOONTON 1 SE, NJ US",2020-03-04,,58,42,42,,
USC00280907,"BOONTON 1 SE, NJ US",2020-03-05,,53,36,36,,
USC00280907,"BOONTON 1 SE, NJ US",2020-03-06,,50,28,28,,
USC00280907,"BOONTON 1 SE, NJ US",2020-03-07,,43,28,35,,
USC00280907,"BOONTON 1 SE, NJ US",2020-03-08,,45,33,34,,
USC00280907,"BOONTON 1 SE, NJ US",2020-03-09,,56,29,36,,
USC00280907,"BOONTON 1 SE, NJ US",2020-03-10,,69,35,43,,
USC00280907,"BOONTON 1 SE, NJ US",2020-03-11,,61,40,40,,
USC00280907,"BOONTON 1 SE, NJ US",2020-03-12,,55,35,37,,
USC00280907,"BOONTON 1 SE, NJ US",2020-03-13,,49,36,44,,
USC00280907,"BOONTON 1 SE, NJ US",2020-03-14,,67,40,40,,
USC00280907,"BOONTON 1 SE, NJ US",2020-03-15,,56,39,39,,
USC00280907,"BOONTON 1 SE, NJ US",2020-03-16,,53,28,29,,
USC00280907,"BOONTON 1 SE, NJ US",2020-03-17,,46,28,39,,
USC00280907,"BOONTON 1 SE, NJ US",2020-03-18,,53,37,38,,
USC00280907,"BOONTON 1 SE, NJ US",2020-03-19,,55,37,39,,
USC00280907,"BOONTON 1 SE, NJ US",2020-03-20,,50,39,46,,
USC00280907,"BOONTON 1 SE, NJ US",2020-03-21,,71,39,40,,
USC00280907,"BOONTON 1 SE, NJ US",2020-03-22,,63,37,46,,
USC00280907,"BOONTON 1 SE, NJ US",2020-03-23,,44,29,32,,
USC00280907,"BOONTON 1 SE, NJ US",2020-03-24,,39,31,38,,
USC00280907,"BOONTON 1 SE, NJ US",2020-03-25,,53,36,37,,
USC00280907,"BOONTON 1 SE, NJ US",2020-03-26,,44,29,30,,
USC00280907,"BOONTON 1 SE, NJ US",2020-03-27,,57,29,48,,
USC00280907,"BOONTON 1 SE, NJ US",2020-03-28,,66,41,46,,
USC00280907,"BOONTON 1 SE, NJ US",2020-03-29,,48,42,45,,
USC00280907,"BOONTON 1 SE, NJ US",2020-03-30,,47,43,43,,
USC00280907,"BOONTON 1 SE, NJ US",2020-03-31,,53,39,40,,
USC00280907,"BOONTON 1 SE, NJ US",2020-04-01,,47,37,38,,
USC00280907,"BOONTON 1 SE, NJ US",2020-04-02,,53,37,39,,
USC00280907,"BOONTON 1 SE, NJ US",2020-04-03,,56,39,50,,
USC00280907,"BOONTON 1 SE, NJ US",2020-04-04,,54,44,47,,
USC00280907,"BOONTON 1 SE, NJ US",2020-04-05,,60,46,47,,
USC00280907,"BOONTON 1 SE, NJ US",2020-04-06,,64,45,46,,
USC00280907,"BOONTON 1 SE, NJ US",2020-04-07,,64,45,45,,
USC00280907,"BOONTON 1 SE, NJ US",2020-04-08,,65,45,51,,
USC00280907,"BOONTON 1 SE, NJ US",2020-04-09,,64,44,46,,
USC00280907,"BOONTON 1 SE, NJ US",2020-04-10,,56,36,38,,
USC00280907,"BOONTON 1 SE, NJ US",2020-04-11,,47,36,38,,
USC00280907,"BOONTON 1 SE, NJ US",2020-04-12,,53,29,34,,
USC00280907,"BOONTON 1 SE, NJ US",2020-04-13,,63,34,55,,
USC00280907,"BOONTON 1 SE, NJ US",2020-04-14,,66,45,45,,
USC00280907,"BOONTON 1 SE, NJ US",2020-04-15,,55,38,39,,
USC00280907,"BOONTON 1 SE, NJ US",2020-04-16,,51,37,39,,
USC00280907,"BOONTON 1 SE, NJ US",2020-04-17,,47,27,32,,
USC00280907,"BOONTON 1 SE, NJ US",2020-04-18,,49,32,41,,
USC00280908,"BOONTON 2 SE, NJ US",2020-04-19,,49,32,41,,
USC00280907,"BOONTON 1 SE, NJ US",2020-04-20,,59,40,47,,
USC00280907,"BOONTON 1 SE, NJ US",2020-04-21,,56,34,39,,
USC00280907,"BOONTON 1 SE, NJ US",2020-04-22,,56,34,37,,
USC00280907,"BOONTON 1 SE, NJ US",2020-04-23,,49,33,37,,
USC00280908,"BOONTON 2 SE, NJ US",2020-04-24,,49,33,37,,
USC00280907,"BOONTON 1 SE, NJ US",2020-04-25,,50,36,39,,
USC00280907,"BOONTON 1 SE, NJ US",2020-04-26,,63,39,45,,
USC00280907,"BOONTON 1 SE, NJ US",2020-04-27,,48,39,40,,
USC00280907,"BOONTON 1 SE, NJ US",2020-04-28,,49,38,39,,
USC00280907,"BOONTON 1 SE, NJ US",2020-04-29,,65,39,45,,
USC00280907,"BOONTON 1 SE, NJ US",2020-04-30,,58,45,46,,
USC00280907,"BOONTON 1 SE, NJ US",2020-05-01,,60,46,54,,
USC00280907,"BOONTON 1 SE, NJ US",2020-05-02,,65,48,53,,
USC00280907,"BOONTON 1 SE, NJ US",2020-05-03,,71,52,54,,
USC00280907,"BOONTON 1 SE, NJ US",2020-05-04,,77,54,60,,
USC00280907,"BOONTON 1 SE, NJ US",2020-05-05,,70,43,44,,
USC00280907,"BOONTON 1 SE, NJ US",2020-05-06,,62,44,47,,
USC00280907,"BOONTON 1 SE, NJ US",2020-05-07,,53,43,45,,
USC00280907,"BOONTON 1 SE, NJ US",2020-05-08,,65,43,44,,
USC00280907,"BOONTON 1 SE, NJ US",2020-05-09,,51,32,33,,
USC00280907,"BOONTON 1 SE, NJ US",2020-05-10,,47,33,37,,
USC00280907,"BOONTON 1 SE, NJ US",2020-05-11,,61,37,42,,
USC00280907,"BOONTON 1 SE, NJ US",2020-05-12,,63,42,43,,
USC00280907,"BOONTON 1 SE, NJ US",2020-05-13,,58,37,40,,
USC00280907,"BOONTON 1 SE, NJ US",2020-05-14,,63,35,38,,
USC00280907,"BOONTON 1 SE, NJ US",2020-05-15,,70,38,57,,
USC00280907,"BOONTON 1 SE, NJ US",2020-05-16,,82,57,62,,
USC00280907,"BOONTON 1 SE, NJ US",2020-05-17,,76,55,57,,
USC00280907,"BOONTON 1 SE, NJ US",2020-05-18,,69,51,53,,
USC00280907,"BOONTON 1 SE, NJ US",2020-05-19,,69,52,55,,
USC00280907,"BOONTON 1 SE, NJ US",2020-05-20,,67,45,49,,
USC00280907,"BOONTON 1 SE, NJ US",2020-05-21,,66,36,38,,
USC00280907,"BOONTON 1 SE, NJ US",2020-05-22,,72,38,50,,
USC00280907,"BOONTON 1 SE, NJ US",2020-05-23,,75,49,63,,
USC00280907,"BOONTON 1 SE, NJ US",2020-05-24,,67,52,52,,
USC00280907,"BOONTON 1 SE, NJ US",2020-05-25,,67,52,55,,
USC00280907,"BOONTON 1 SE, NJ US",2020-05-26,,75,55,60,,
USC00280907,"BOONTON 1 SE, NJ US",2020-05-27,,82,58,60,,
USC00280907,"BOONTON 1 SE, NJ US",2020-05-28,,80,60,64,,
USC00280907,"BOONTON 1 SE, NJ US",2020-05-29,,75,64,70,,
USC00280907,"BOONTON 1 SE, NJ US",2020-05-30,,83,65,66,,
USC00280907,"BOONTON 1 SE, NJ US",2020-05-31,,80,54,54,,
USC00280907,"BOONTON 1 SE, NJ US",2020-06-01,,68,48,49,,
USC00280907,"BOONTON 1 SE, NJ US",2020-06-02,,70,48,50,,
USC00280907,"BOONTON 1 SE, NJ US",2020-06-03,,73,50,60,,
USC00280907,"BOONTON 1 SE, NJ US",2020-06-04,,79,60,62,,
USC00280907,"BOONTON 1 SE, NJ US",2020-06-05,,84,62,67,,
USC00280907,"BOONTON 1 SE, NJ US",2020-06-06,,77,67,74,,
USC00280907,"BOONTON 1 SE, NJ US",2020-06-07,,87,61,64,,
USC00280907,"BOONTON 1 SE, NJ US",2020-06-08,,76,53,58,,
USC00280907,"BOONTON 1 SE, NJ US",2020-06-09,,79,57,60,,
USC00280907,"BOONTON 1 SE, NJ US",2020-06-10,,88,60,68,,
USC00280907,"BOONTON 1 SE, NJ US",2020-06-11,,88,68,72,,
USC00280907,"BOONTON 1 SE, NJ US",2020-06-12,,83,64,66,,
USC00280907,"BOONTON 1 SE, NJ US",2020-06-13,,83,55,56,,
USC00280907,"BOONTON 1 SE, NJ US",2020-06-14,,72,48,51,,
USC00280907,"BOONTON 1 SE, NJ US",2020-06-15,,73,50,53,,
USC00280907,"BOONTON 1 SE, NJ US",2020-06-16,,75,51,54,,
USC00280907,"BOONTON 1 SE, NJ US",2020-06-17,,78,52,54,,
USC00280907,"BOONTON 1 SE, NJ US",2020-06-18,,80,54,66,,
USC00280907,"BOONTON 1 SE, NJ US",2020-06-19,,79,64,65,,
USC00280907,"BOONTON 1 SE, NJ US",2020-06-20,,84,55,64,,
USC00280907,"BOONTON 1 SE, NJ US",2020-06-21,,87,62,63,,
USC00280907,"BOONTON 1 SE, NJ US",2020-06-22,,86,63,68,,
USC00280907,"BOONTON 1 SE, NJ US",2020-06-23,,90,67,71,,
USC00280907,"BOONTON 1 SE, NJ US",2020-06-24,,90,71,74,,
USC00280907,"BOONTON 1 SE, NJ US",2020-06-25,,84,66,68,,
USC00280907,"BOONTON 1 SE, NJ US",2020-06-26,,85,60,65,,
USC00280907,"BOONTON 1 SE, NJ US",2020-06-27,,87,60,68,,
USC00280907,"BOONTON 1 SE, NJ US",2020-06-28,,81,67,76,,
USC00280907,"BOONTON 1 SE, NJ US",2020-06-29,,88,66,68,,
USC00280907,"BOONTON 1 SE, NJ US",2020-06-30,,86,61,65,,
USC00280907,"BOONTON 1 SE, NJ US",2020-07-01,,79,63,65,,
USC00280907,"BOONTON 1 SE, NJ US",2020-07-02,,82,63,65,,
USC00280907,"BOONTON 1 SE, NJ US",2020-07-03,,91,64,73,,
USC00280907,"BOONTON 1 SE, NJ US",2020-07-04,,91,68,69,,
USC00280907,"BOONTON 1 SE, NJ US",2020-07-05,,87,68,71,,
USC00280907,"BOONTON 1 SE, NJ US",2020-07-06,,93,66,74,,
USC00280907,"BOONTON 1 SE, NJ US",2020-07-07,,94,69,70,,
USC00280907,"BOONTON 1 SE, NJ US",2020-07-08,,84,70,74,,
USC00280907,"BOONTON 1 SE, NJ US",2020-07-09,,85,69,70,,
USC00280907,"BOONTON 1 SE, NJ US",2020-07-10,,90,69,74,,
USC00280907,"BOONTON 1 SE, NJ US",2020-07-11,,77,71,72,,
USC00280907,"BOONTON 1 SE, NJ US",2020-07-12,,87,71,72,,
USC00280907,"BOONTON 1 SE, NJ US",2020-07-13,,88,68,69,,
USC00280907,"BOONTON 1 SE, NJ US",2020-07-14,,86,66,66,,
USC00280907,"BOONTON 1 SE, NJ US",2020-07-15,,84,64,66,,
USC00280907,"BOONTON 1 SE, NJ US",2020-07-16,,83,66,69,,
USC00280907,"BOONTON 1 SE, NJ US",2020-07-17,,79,67,69,,
USC00280907,"BOONTON 1 SE, NJ US",2020-07-18,,86,64,74,,
USC00280907,"BOONTON 1 SE, NJ US",2020-07-19,,92,67,78,,
USC00280907,"BOONTON 1 SE, NJ US",2020-07-20,,93,77,78,,
USC00280907,"BOONTON 1 SE, NJ US",2020-07-21,,93,71,71,,
USC00280907,"BOONTON 1 SE, NJ US",2020-07-22,,92,71,73,,
USC00280907,"BOONTON 1 SE, NJ US",2020-07-23,,92,71,72,,
USC00280907,"BOONTON 1 SE, NJ US",2020-07-24,,89,72,73,,
USC00280907,"BOONTON 1 SE, NJ US",2020-07-25,,80,66,70,,
USC00280907,"BOONTON 1 SE, NJ US",2020-07-26,,89,70,71,,
USC00280907,"BOONTON 1 SE, NJ US",2020-07-27,,92,68,69,,
USC00280907,"BOONTON 1 SE, NJ US",2020-07-28,,93,69,73,,
USC00280907,"BOONTON 1 SE, NJ US",2020-07-29,,91,67,68,,
USC00280907,"BOONTON 1 SE, NJ US",2020-07-30,,90,68,69,,
USC00280907,"BOONTON 1 SE, NJ US",2020-07-31,,91,69,70,,
USC00280907,"BOONTON 1 SE, NJ US",2020-08-01,,83,64,65,,
USC00280907,"BOONTON 1 SE, NJ US",2020-08-02,,91,65,74,,
USC00280907,"BOONTON 1 SE, NJ US",2020-08-03,,91,74,75,,
USC00280907,"BOONTON 1 SE, NJ US",2020-08-04,,88,70,70,,
USC00280907,"BOONTON 1 SE, NJ US",2020-08-05,,78,66,69,,
USC00280907,"BOONTON 1 SE, NJ US",2020-08-06,,86,63,63,,
USC00280907,"BOONTON 1 SE, NJ US",2020-08-07,,81,63,64,,
USC00280907,"BOONTON 1 SE, NJ US",2020-08-08,,81,64,68,,
USC00280907,"BOONTON 1 SE, NJ US",2020-08-09,,85,68,72,,
USC00280907,"BOONTON 1 SE, NJ US",2020-08-10,,87,69,70,,
USC00280907,"BOONTON 1 SE, NJ US",2020-08-11,,92,70,75,,
USC00280907,"BOONTON 1 SE, NJ US",2020-08-12,,89,70,72,,
USC00280907,"BOONTON 1 SE, NJ US",2020-08-13,,92,72,74,,
USC00280907,"BOONTON 1 SE, NJ US",2020-08-14,,81,68,69,,
USC00280907,"BOONTON 1 SE, NJ US",2020-08-15,,84,63,64,,
USC00280907,"BOONTON 1 SE, NJ US",2020-08-16,,83,64,65,,
USC00280907,"BOONTON 1 SE, NJ US",2020-08-17,,72,61,62,,
USC00280907,"BOONTON 1 SE, NJ US",2020-08-18,,83,61,62,,
USC00280907,"BOONTON 1 SE, NJ US",2020-08-19,,82,61,62,,
USC00280907,"BOONTON 1 SE, NJ US",2020-08-20,,76,55,55,,
USC00280907,"BOONTON 1 SE, NJ US",2020-08-21,,80,55,59,,
USC00280907,"BOONTON 1 SE, NJ US",2020-08-22,,83,59,68,,
USC00280907,"BOONTON 1 SE, NJ US",2020-08-23,,88,67,67,,
USC00280907,"BOONTON 1 SE, NJ US",2020-08-24,,87,67,68,,
USC00280907,"BOONTON 1 SE, NJ US",2020-08-25,,89,68,73,,
USC00280907,"BOONTON 1 SE, NJ US",2020-08-26,,89,63,64,,
USC00280907,"BOONTON 1 SE, NJ US",2020-08-27,,77,63,64,,
USC00280907,"BOONTON 1 SE, NJ US",2020-08-28,,86,64,69,,
USC00280907,"BOONTON 1 SE, NJ US",2020-08-29,,86,69,70,,
USC00280907,"BOONTON 1 SE, NJ US",2020-08-30,,81,65,68,,
USC00280907,"BOONTON 1 SE, NJ US",2020-08-31,,78,55,56,,
USC00280907,"BOONTON 1 SE, NJ US",2020-09-01,,75,56,65,,
USC00280907,"BOONTON 1 SE, NJ US",2020-09-02,,76,65,68,,
USC00280907,"BOONTON 1 SE, NJ US",2020-09-03,,80,68,70,,
USC00280907,"BOONTON 1 SE, NJ US",2020-09-04,,85,58,70,,
USC00280907,"BOONTON 1 SE, NJ US",2020-09-05,,82,55,56,,
USC00280907,"BOONTON 1 SE, NJ US",2020-09-06,,77,54,55,,
USC00280907,"BOONTON 1 SE, NJ US",2020-09-07,,82,55,60,,
USC00280907,"BOONTON 1 SE, NJ US",2020-09-08,,80,59,60,,
USC00280907,"BOONTON 1 SE, NJ US",2020-09-09,,85,60,63,,
USC00280907,"BOONTON 1 SE, NJ US",2020-09-10,,82,63,71,,
USC00280907,"BOONTON 1 SE, NJ US",2020-09-11,,83,71,71,,
USC00280907,"BOONTON 1 SE, NJ US",2020-09-12,,76,55,57,,
USC00280907,"BOONTON 1 SE, NJ US",2020-09-13,,72,54,57,,
USC00280907,"BOONTON 1 SE, NJ US",2020-09-14,,76,57,67,,
USC00280907,"BOONTON 1 SE, NJ US",2020-09-15,,74,47,48,,
USC00280907,"BOONTON 1 SE, NJ US",2020-09-16,,66,45,45,,
USC00280907,"BOONTON 1 SE, NJ US",2020-09-17,,70,44,54,,
USC00280907,"BOONTON 1 SE, NJ US",2020-09-18,,74,53,58,,
USC00280907,"BOONTON 1 SE, NJ US",2020-09-19,,69,41,47,,
USC00280907,"BOONTON 1 SE, NJ US",2020-09-20,,62,40,47,,
USC00280907,"BOONTON 1 SE, NJ US",2020-09-21,,62,38,43,,
USC00280907,"BOONTON 1 SE, NJ US",2020-09-22,,64,39,44,,
USC00280907,"BOONTON 1 SE, NJ US",2020-09-23,,71,44,60,,
USC00280907,"BOONTON 1 SE, NJ US",2020-09-24,,78,51,53,,
USC00280907,"BOONTON 1 SE, NJ US",2020-09-25,,75,52,53,,
USC00280907,"BOONTON 1 SE, NJ US",2020-09-26,,77,52,57,,
USC00280907,"BOONTON 1 SE, NJ US",2020-09-27,,74,57,64,,
USC00280907,"BOONTON 1 SE, NJ US",2020-09-28,,79,64,69,,
USC00280907,"BOONTON 1 SE, NJ US",2020-09-29,,80,60,64,,
USC00280907,"BOONTON 1 SE, NJ US",2020-09-30,,73,58,59,,
USC00280907,"BOONTON 1 SE, NJ US",2020-10-01,,68,50,50,,
USC00280907,"BOONTON 1 SE, NJ US",2020-10-02,,70,50,55,,
USC00280907,"BOONTON 1 SE, NJ US",2020-10-03,,65,43,44,,
USC00280907,"BOONTON 1 SE, NJ US",2020-10-04,,66,40,40,,
USC00280907,"BOONTON 1 SE, NJ US",2020-10-05,,65,40,45,,
USC00280907,"BOONTON 1 SE, NJ US",2020-10-06,,67,45,46,,
USC00280907,"BOONTON 1 SE, NJ US",2020-10-07,,67,45,57,,
USC00280907,"BOONTON 1 SE, NJ US",2020-10-08,,72,53,53,,
USC00280907,"BOONTON 1 SE, NJ US",2020-10-09,,62,43,43,,
USC00280907,"BOONTON 1 SE, NJ US",2020-10-10,,69,42,53,,
USC00280907,"BOONTON 1 SE, NJ US",2020-10-11,,68,53,60,,
USC00280907,"BOONTON 1 SE, NJ US",2020-10-12,,64,46,46,,
USC00280907,"BOONTON 1 SE, NJ US",2020-10-13,,52,46,52,,
USC00280907,"BOONTON 1 SE, NJ US",2020-10-14,,60,46,51,,
USC00280907,"BOONTON 1 SE, NJ US",2020-10-15,,68,43,43,,
USC00280907,"BOONTON 1 SE, NJ US",2020-10-16,,73,43,60,,
USC00280907,"BOONTON 1 SE, NJ US",2020-10-17,,60,42,42,,
USC00280907,"BOONTON 1 SE, NJ US",2020-10-18,,58,32,33,,
USC00280907,"BOONTON 1 SE, NJ US",2020-10-19,,63,33,45,,
USC00280907,"BOONTON 1 SE, NJ US",2020-10-20,,64,45,56,,
USC00280907,"BOONTON 1 SE, NJ US",2020-10-21,,69,56,62,,
USC00280907,"BOONTON 1 SE, NJ US",2020-10-22,,66,60,60,,
USC00280907,"BOONTON 1 SE, NJ US",2020-10-23,,68,60,63,,
USC00280907,"BOONTON 1 SE, NJ US",2020-10-24,,67,61,62,,
USC00280907,"BOONTON 1 SE, NJ US",2020-10-25,,68,38,38,,
USC00280907,"BOONTON 1 SE, NJ US",2020-10-26,,50,38,48,,
USC00280907,"BOONTON 1 SE, NJ US",2020-10-27,,56,47,52,,
USC00280907,"BOONTON 1 SE, NJ US",2020-10-28,,58,47,48,,
USC00280907,"BOONTON 1 SE, NJ US",2020-10-29,,57,47,49,,
USC00280907,"BOONTON 1 SE, NJ US",2020-10-30,,49,40,40,,
USC00280907,"BOONTON 1 SE, NJ US",2020-10-31,,44,27,27,,
USC00280907,"BOONTON 1 SE, NJ US",2020-11-01,,45,27,39,,
USC00280907,"BOONTON 1 SE, NJ US",2020-11-02,,53,37,38,,
USC00280907,"BOONTON 1 SE, NJ US",2020-11-03,,43,36,43,,
USC00280907,"BOONTON 1 SE, NJ US",2020-11-04,,53,31,32,,
USC00280907,"BOONTON 1 SE, NJ US",2020-11-05,,61,32,39,,
USC00280907,"BOONTON 1 SE, NJ US",2020-11-06,,65,38,43,,
USC00280907,"BOONTON 1 SE, NJ US",2020-11-07,,70,42,42,,
USC00280907,"BOONTON 1 SE, NJ US",2020-11-08,,73,41,41,,
USC00280907,"BOONTON 1 SE, NJ US",2020-11-09,,75,40,40,,
USC00280907,"BOONTON 1 SE, NJ US",2020-11-10,,76,40,49,,
USC00280907,"BOONTON 1 SE, NJ US",2020-11-11,,72,46,61,,
USC00280907,"BOONTON 1 SE, NJ US",2020-11-12,,66,60,60,,
USC00280907,"BOONTON 1 SE, NJ US",2020-11-13,,60,43,44,,
USC00280907,"BOONTON 1 SE, NJ US",2020-11-14,,50,39,39,,
USC00280907,"BOONTON 1 SE, NJ US",2020-11-15,,51,29,32,,
USC00280907,"BOONTON 1 SE, NJ US",2020-11-16,,61,32,46,,
USC00280907,"BOONTON 1 SE, NJ US",2020-11-17,,51,30,33,,
USC00280907,"BOONTON 1 SE, NJ US",2020-11-18,,46,30,30,,
USC00280907,"BOONTON 1 SE, NJ US",2020-11-19,,34,22,22,,
USC00280907,"BOONTON 1 SE, NJ US",2020-11-20,,46,22,40,,
USC00280907,"BOONTON 1 SE, NJ US",2020-11-21,,61,40,41,,
USC00280907,"BOONTON 1 SE, NJ US",2020-11-22,,62,41,41,,
USC00280907,"BOONTON 1 SE, NJ US",2020-11-23,,57,41,55,,
USC00280907,"BOONTON 1 SE, NJ US",2020-11-24,,55,36,40,,
USC00280907,"BOONTON 1 SE, NJ US",2020-11-25,,46,33,34,,
USC00280907,"BOONTON 1 SE, NJ US",2020-11-26,,51,34,49,,
USC00280907,"BOONTON 1 SE, NJ US",2020-11-27,,60,45,49,,
USC00280907,"BOONTON 1 SE, NJ US",2020-11-28,,59,41,42,,
USC00280907,"BOONTON 1 SE, NJ US",2020-11-29,,53,28,28,,
USC00280907,"BOONTON 1 SE, NJ US",2020-11-30,,54,28,44,,
USC00280907,"BOONTON 1 SE, NJ US",2020-12-01,,64,44,49,,
USC00280907,"BOONTON 1 SE, NJ US",2020-12-02,,49,34,35,,
USC00280907,"BOONTON 1 SE, NJ US",2020-12-03,,41,29,30,,
USC00280907,"BOONTON 1 SE, NJ US",2020-12-04,,47,30,40,,
USC00280907,"BOONTON 1 SE, NJ US",2020-12-05,,49,40,42,,
USC00280907,"BOONTON 1 SE, NJ US",2020-12-06,,46,34,35,,
USC00280907,"BOONTON 1 SE, NJ US",2020-12-07,,38,27,27,,
USC00280907,"BOONTON 1 SE, NJ US",2020-12-08,,37,26,30,,
USC00280907,"BOONTON 1 SE, NJ US",2020-12-09,,35,26,31,,
USC00280907,"BOONTON 1 SE, NJ US",2020-12-10,,37,29,33,,
USC00280907,"BOONTON 1 SE, NJ US",2020-12-11,,46,25,25,,
USC00280907,"BOONTON 1 SE, NJ US",2020-12-12,,51,25,35,,
USC00280907,"BOONTON 1 SE, NJ US",2020-12-13,,47,35,38,,
USC00280907,"BOONTON 1 SE, NJ US",2020-12-14,,56,38,38,,
USC00280907,"BOONTON 1 SE, NJ US",2020-12-15,,39,30,31,,
USC00280907,"BOONTON 1 SE, NJ US",2020-12-16,,37,22,22,,
USC00280907,"BOONTON 1 SE, NJ US",2020-12-17,,27,21,24,,
USC00280907,"BOONTON 1 SE, NJ US",2020-12-18,,31,19,22,,
USC00280907,"BOONTON 1 SE, NJ US",2020-12-19,,32,11,12,,
USC00280907,"BOONTON 1 SE, NJ US",2020-12-20,,30,10,25,,
USC00280907,"BOONTON 1 SE, NJ US",2020-12-21,,35,25,34,,
USC00280907,"BOONTON 1 SE, NJ US",2020-12-22,,44,32,34,,
USC00280907,"BOONTON 1 SE, NJ US",2020-12-23,,43,32,34,,
USC00280907,"BOONTON 1 SE, NJ US",2020-12-24,,42,30,35,,
USC00280907,"BOONTON 1 SE, NJ US",2020-12-25,,63,35,56,,
USC00280907,"BOONTON 1 SE, NJ US",2020-12-26,,56,23,23,,
USC00280907,"BOONTON 1 SE, NJ US",2020-12-27,,30,22,23,,
USC00280907,"BOONTON 1 SE, NJ US",2020-12-28,,37,23,33,,
USC00280907,"BOONTON 1 SE, NJ US",2020-12-29,,47,32,34,,
USC00280907,"BOONTON 1 SE, NJ US",2020-12-30,,36,24,26,,
USC00280907,"BOONTON 1 SE, NJ US",2020-12-31,,42,26,41,,
